horizon,metric,decile,mean,median,hit_rate,count
5,absolute,1,-0.001998739307914002,-0.0038809831824061503,0.4452793204835021,3061
5,absolute,2,-0.004650764770132962,-0.0060975609756097615,0.41876892028254287,2973
5,absolute,3,-0.002298232412204825,-0.004409509202453976,0.4217524718718036,2933
5,absolute,4,-0.0034465494091286634,-0.0059880239520956335,0.403035413153457,2965
5,absolute,5,-0.001650816329991551,-0.0038069376306520963,0.43481182795698925,2976
5,absolute,6,0.00028832665307305445,-0.003724394785847407,0.4387229660144181,2913
5,absolute,7,-0.0008742613400758509,-0.004175529132815103,0.434560327198364,2934
5,absolute,8,-0.0016527330521309946,-0.004514672686230181,0.4326241134751773,2961
5,absolute,9,-0.0008096427076998748,-0.004081632653061273,0.4446714334354784,2937
5,absolute,10,0.0006651557259352037,-0.004347826086956608,0.4478789871752713,3041
5,market_alpha,1,-0.0046333185593627,-0.006370203956713283,0.42861809866056844,3061
5,market_alpha,2,-0.007444252232454417,-0.007539168604141833,0.4143962327615203,2973
5,market_alpha,3,-0.00486934655283914,-0.00631066607256725,0.42891237640640983,2933
5,market_alpha,4,-0.0061668371028152464,-0.007882962187838016,0.4145025295109612,2965
5,market_alpha,5,-0.004266895687771341,-0.007875554504300886,0.4129704301075269,2976
5,market_alpha,6,-0.002461458111617606,-0.00647793285572007,0.42842430484037075,2913
5,market_alpha,7,-0.003467256013890324,-0.006468456365875619,0.429107021131561,2934
5,market_alpha,8,-0.0043731850768742395,-0.009032515303022626,0.408983451536643,2961
5,market_alpha,9,-0.003472213924065096,-0.00825925117054549,0.421518556350017,2937
5,market_alpha,10,-0.0019287591917591068,-0.009821967561037592,0.4360407760605064,3041
5,sector_alpha,1,0.004599595911060818,0.0,0.476968311009474,3061
5,sector_alpha,2,0.0014530647100192977,0.0,0.44769593003699965,2973
5,sector_alpha,3,0.0033316722614609657,0.0,0.4834640300034095,2933
5,sector_alpha,4,0.0015659722374436389,0.0,0.4421585160202361,2965
5,sector_alpha,5,0.0036173581695506944,0.0,0.47043010752688175,2976
5,sector_alpha,6,0.004574081932947831,0.0,0.466529351184346,2913
5,sector_alpha,7,0.00416655927325534,0.0,0.45807770961145194,2934
5,sector_alpha,8,0.0031903061193252554,0.0,0.4481594056062141,2961
5,sector_alpha,9,0.003846031619114053,0.0,0.4484167517875383,2937
5,sector_alpha,10,0.0037945785188401283,0.0,0.45708648470897734,3041
20,absolute,1,-0.010439518620770642,-0.015431952250746839,0.39591977869986167,2892
20,absolute,2,-0.012993616868368819,-0.02051282051282033,0.38467023172905523,2805
20,absolute,3,-0.00844545860838543,-0.01610310133803544,0.4062725306416727,2774
20,absolute,4,-0.012089046999566927,-0.01813055605723113,0.3788420300214439,2798
20,absolute,5,-0.010148786231997813,-0.016697588126159513,0.3950266429840142,2815
20,absolute,6,-0.006954888864511743,-0.01194029850746281,0.4248270840917364,2747
20,absolute,7,-0.0051155386654788875,-0.013312312280775562,0.4081412103746398,2776
20,absolute,8,-0.0056690874233847445,-0.013221153846153966,0.41508759385055416,2797
20,absolute,9,-0.0057620627466517145,-0.015871704687576815,0.40222861250898634,2782
20,absolute,10,-0.0026706767916687296,-0.019214481171002995,0.4143955276030748,2862
20,market_alpha,1,-0.02132922160158017,-0.02954998605831438,0.36341632088520054,2892
20,market_alpha,2,-0.024233675476700942,-0.030443790413131833,0.35436720142602496,2805
20,market_alpha,3,-0.019304462064801808,-0.02240529876249958,0.3684210526315789,2774
20,market_alpha,4,-0.023179024782514667,-0.0269485301229902,0.35060757684060045,2798
20,market_alpha,5,-0.02084118604616837,-0.028199209336053688,0.3538188277087034,2815
20,market_alpha,6,-0.01819515659015753,-0.026915248902332878,0.37641062977793954,2747
20,market_alpha,7,-0.01591496720159795,-0.024813905045830142,0.37824207492795386,2776
20,market_alpha,8,-0.016813135698554905,-0.023154289163123565,0.37790489810511263,2797
20,market_alpha,9,-0.016709014138288122,-0.02934212106181544,0.3666427030913012,2782
20,market_alpha,10,-0.013524605802436541,-0.030749079850412808,0.3944793850454228,2862
20,sector_alpha,1,0.011693718122275293,0.0,0.47406639004149376,2892
20,sector_alpha,2,0.0065243466375688,0.0,0.4577540106951872,2805
20,sector_alpha,3,0.009727816128918543,0.0,0.47656813266041814,2774
20,sector_alpha,4,0.006372648414658553,0.0,0.4442458899213724,2798
20,sector_alpha,5,0.009055743170199906,0.0,0.4547069271758437,2815
20,sector_alpha,6,0.009791704949975538,0.0,0.46559883509282857,2747
20,sector_alpha,7,0.011242941925099177,0.0,0.4762247838616715,2776
20,sector_alpha,8,0.00970975150835693,0.0,0.4726492670718627,2797
20,sector_alpha,9,0.009048941366537031,0.0,0.4532710280373832,2782
20,sector_alpha,10,0.006409855763466958,0.0,0.43570929419986026,2862
60,absolute,1,-0.03947557438065694,-0.06046863189720342,0.31152384972562264,2369
60,absolute,2,-0.03910102672692524,-0.05552873008208603,0.3314410480349345,2290
60,absolute,3,-0.030980719809336463,-0.05128205128205121,0.34114007954043307,2263
60,absolute,4,-0.0271790468214151,-0.05040871934604907,0.3554295682511993,2293
60,absolute,5,-0.028173158018848295,-0.04437400950871617,0.34596949891067535,2295
60,absolute,6,-0.02144057134788403,-0.0418874233100619,0.3530721282279608,2246
60,absolute,7,-0.021648143269667776,-0.04301819540685098,0.34419014084507044,2272
60,absolute,8,-0.023875267144650113,-0.04617012832385248,0.3586146427005699,2281
60,absolute,9,-0.027653464847657634,-0.04801902921281509,0.3546537273930304,2267
60,absolute,10,-0.03964995693158401,-0.06890561667631734,0.342966425839354,2353
60,market_alpha,1,-0.053080130125993136,-0.08091644927539665,0.29590544533558466,2369
60,market_alpha,2,-0.052301793486038625,-0.06942268387289174,0.29213973799126636,2290
60,market_alpha,3,-0.044470938399405774,-0.06510505081118267,0.2920901458241273,2263
60,market_alpha,4,-0.04055821945568956,-0.061355509552999066,0.30178805058874836,2293
60,market_alpha,5,-0.041364650088878255,-0.06283240436549875,0.31808278867102396,2295
60,market_alpha,6,-0.035117707379236855,-0.05362159665006294,0.3410507569011576,2246
60,market_alpha,7,-0.03506840167268538,-0.055704510600291746,0.3331866197183099,2272
60,market_alpha,8,-0.037379777640537966,-0.055354118080572,0.34546251644015785,2281
60,market_alpha,9,-0.040913955099592024,-0.05873611855073535,0.3431848257609175,2267
60,market_alpha,10,-0.05313291892394074,-0.07437235593531855,0.35444113897152574,2353
60,sector_alpha,1,0.01915498252212433,0.0,0.44406922752216127,2369
60,sector_alpha,2,0.018188951709274637,0.0,0.47467248908296944,2290
60,sector_alpha,3,0.024096727985358658,0.0,0.4697304463102077,2263
60,sector_alpha,4,0.021882280507306385,0.0,0.474051460968164,2293
60,sector_alpha,5,0.023023713881214016,0.0,0.4766884531590414,2295
60,sector_alpha,6,0.02571822061946897,0.0,0.4866429207479964,2246
60,sector_alpha,7,0.021710422263594525,0.0,0.4784330985915493,2272
60,sector_alpha,8,0.018404806039407452,0.0,0.4725997369574748,2281
60,sector_alpha,9,0.014351180369294754,0.0,0.4441993824437583,2267
60,sector_alpha,10,0.002734902624580436,0.0,0.41096472588185295,2353
