scope,horizon,metric,mean,median,hit_rate,count
ALL,3,absolute,-0.005003346861034597,-0.008924949290060824,0.3676042677012609,1031
ALL,3,market_alpha,-0.005522924161630517,-0.010928345042274357,0.3705140640155189,1031
ALL,3,sector_alpha,0.0007272931203636777,0.0,0.4209505334626576,1031
ALL,5,absolute,-0.006587469310745769,-0.010299625468164764,0.37170731707317073,1025
ALL,5,market_alpha,-0.009375709851379772,-0.01833945710441587,0.34829268292682924,1025
ALL,5,sector_alpha,0.001967171889750316,0.0,0.4224390243902439,1025
ALL,10,absolute,-0.00682738671820847,-0.015546727014262185,0.3894422310756972,1004
ALL,10,market_alpha,-0.012853960878259888,-0.022269216018926896,0.37350597609561753,1004
ALL,10,sector_alpha,0.006107870033288252,0.0,0.4342629482071713,1004
FAST BREAKOUT,3,absolute,-0.010463905562045734,-0.014209372574521317,0.2866666666666667,150
FAST BREAKOUT,3,market_alpha,-0.011795472941543912,-0.016126362178193132,0.28,150
FAST BREAKOUT,3,sector_alpha,-0.0015172894557916076,-0.004132511059230126,0.35333333333333333,150
FAST BREAKOUT,5,absolute,-0.012990637390516148,-0.020507023262005708,0.30405405405405406,148
FAST BREAKOUT,5,market_alpha,-0.018003760716524705,-0.024168465027114006,0.25,148
FAST BREAKOUT,5,sector_alpha,0.00020182870682595286,-0.0007556159817324604,0.40540540540540543,148
FAST BREAKOUT,10,absolute,-0.009139502721333296,-0.021739130434782483,0.33793103448275863,145
FAST BREAKOUT,10,market_alpha,-0.0170715221626398,-0.03239089772896009,0.31724137931034485,145
FAST BREAKOUT,10,sector_alpha,0.009594459677072842,-0.00011426684280058108,0.4206896551724138,145
MOMENTUM IGNITION,3,absolute,-0.008113908764229153,-0.010788381742738551,0.37530266343825663,413
MOMENTUM IGNITION,3,market_alpha,-0.008255616841839654,-0.012901097090002978,0.36077481840193704,413
MOMENTUM IGNITION,3,sector_alpha,2.071825430477378e-05,0.0,0.41646489104116224,413
MOMENTUM IGNITION,5,absolute,-0.011181558552301034,-0.012678288431061668,0.37772397094430993,413
MOMENTUM IGNITION,5,market_alpha,-0.014104568421735223,-0.01987706158477187,0.3365617433414044,413
MOMENTUM IGNITION,5,sector_alpha,0.0003108120392592067,0.0,0.4116222760290557,413
MOMENTUM IGNITION,10,absolute,-0.009213125434467073,-0.016938117937853103,0.3910891089108911,404
MOMENTUM IGNITION,10,market_alpha,-0.01675299829927659,-0.030324302131461256,0.36386138613861385,404
MOMENTUM IGNITION,10,sector_alpha,0.005456675269152666,0.0,0.39603960396039606,404
PULLBACK RECLAIM,3,absolute,-0.0005081633756264264,-0.005893892573174575,0.38675213675213677,468
PULLBACK RECLAIM,3,market_alpha,-0.001100948960960899,-0.006759301670211659,0.4081196581196581,468
PULLBACK RECLAIM,3,sector_alpha,0.0020702478342645757,0.0,0.4465811965811966,468
PULLBACK RECLAIM,5,absolute,-0.000455944025038139,-0.007525987816464519,0.3879310344827586,464
PULLBACK RECLAIM,5,market_alpha,-0.0024145673565559547,-0.013012493790000745,0.3900862068965517,464
PULLBACK RECLAIM,5,sector_alpha,0.004004558547779701,0.0,0.4375,464
PULLBACK RECLAIM,10,absolute,-0.003972232296622592,-0.010886692450938318,0.4043956043956044,455
PULLBACK RECLAIM,10,market_alpha,-0.00804790042919212,-0.015436090199664076,0.4,455
PULLBACK RECLAIM,10,sector_alpha,0.0055749627505673974,0.0,0.4725274725274725,455
