date,horizon,metric,ic,n
2025-11-04,5,market_alpha,0.15776295793983372,147
2025-11-05,5,market_alpha,-0.08456295612334239,146
2025-11-06,5,market_alpha,0.17117374627009735,146
2025-11-07,5,market_alpha,-0.02302786962683042,145
2025-11-10,5,market_alpha,-0.19006849315068491,145
2025-11-11,5,market_alpha,-0.1625259064046338,145
2025-11-12,5,market_alpha,0.030098715923197076,146
2025-11-13,5,market_alpha,-0.24827290298138732,145
2025-11-14,5,market_alpha,-0.28747676215856555,145
2025-11-17,5,market_alpha,-0.12779136432725316,145
2025-11-18,5,market_alpha,-0.0030211807404170866,145
2025-11-19,5,market_alpha,-0.16758337199572618,145
2025-11-20,5,market_alpha,-0.1254788006029226,144
2025-11-21,5,market_alpha,-0.07752441177046136,144
2025-11-24,5,market_alpha,0.08745799925145434,143
2025-11-25,5,market_alpha,-0.05690832868011841,142
2025-11-26,5,market_alpha,0.12074892836015697,142
2025-11-27,5,market_alpha,0.05038706081343523,142
2025-11-28,5,market_alpha,0.04364245255875038,142
2025-12-01,5,market_alpha,0.12742747565445053,141
2025-12-02,5,market_alpha,-0.013325051722961232,139
2025-12-03,5,market_alpha,-0.10618994058930119,137
2025-12-04,5,market_alpha,-0.00799336055627552,138
2025-12-05,5,market_alpha,-0.0814628098819803,138
2025-12-08,5,market_alpha,-0.16004021673344052,139
2025-12-09,5,market_alpha,-0.16728769232274884,140
2025-12-10,5,market_alpha,0.040384205376636007,140
2025-12-11,5,market_alpha,0.17074818776236264,140
2025-12-12,5,market_alpha,-0.008503517252247645,139
2025-12-15,5,market_alpha,-0.16052343773574265,139
2025-12-16,5,market_alpha,0.060422029290277325,139
2025-12-17,5,market_alpha,-0.0979500642411564,139
2025-12-18,5,market_alpha,0.049637370486587236,136
2025-12-19,5,market_alpha,0.2485164814485873,138
2025-12-22,5,market_alpha,0.2742392421466553,139
2025-12-23,5,market_alpha,0.2469452922994711,138
2025-12-24,5,market_alpha,0.2715354565346458,138
2025-12-25,5,market_alpha,0.3025468243521044,139
2025-12-26,5,market_alpha,0.2609658752712461,142
2025-12-29,5,market_alpha,0.3044924638434683,141
2025-12-30,5,market_alpha,0.27860361700438824,143
2025-12-31,5,market_alpha,0.3167069804009168,141
2026-01-05,5,market_alpha,-0.015480181001815736,141
2026-01-06,5,market_alpha,-0.0058991053896657744,142
2026-01-07,5,market_alpha,0.1967333697986009,142
2026-01-08,5,market_alpha,0.2757550791304922,144
2026-01-09,5,market_alpha,-0.013993631721475774,146
2026-01-12,5,market_alpha,0.1843350269293515,147
2026-01-13,5,market_alpha,0.21843620865389446,146
2026-01-14,5,market_alpha,0.1237050432337634,148
2026-01-15,5,market_alpha,-0.09718471373087957,150
2026-01-16,5,market_alpha,-0.2649284524372753,152
2026-01-19,5,market_alpha,-0.08898598264722163,153
2026-01-20,5,market_alpha,-0.06380428327194156,153
2026-01-21,5,market_alpha,-0.1363962705686901,155
2026-01-22,5,market_alpha,0.1770320536031902,157
2026-01-23,5,market_alpha,0.31070213359636845,157
2026-01-26,5,market_alpha,0.36278264386671816,159
2026-01-27,5,market_alpha,0.2719386433743916,159
2026-01-28,5,market_alpha,0.33932553576284985,161
2026-01-29,5,market_alpha,0.07273407145824681,161
2026-01-30,5,market_alpha,0.16638287452727446,162
2026-02-02,5,market_alpha,-0.09661079414026746,163
2026-02-03,5,market_alpha,-0.46216768916155415,163
2026-02-04,5,market_alpha,-0.5863933174740183,163
2026-02-05,5,market_alpha,-0.44893451569707726,162
2026-02-06,5,market_alpha,-0.38448027549909203,162
2026-02-09,5,market_alpha,-0.24426903611686226,161
2026-02-10,5,market_alpha,0.08582092771178715,161
2026-02-11,5,market_alpha,0.1312863484019399,160
2026-02-12,5,market_alpha,0.1268187492643369,160
2026-02-13,5,market_alpha,0.25549062195169125,159
2026-02-23,5,market_alpha,0.5002934310973346,157
2026-02-24,5,market_alpha,0.5185660671699782,157
2026-02-25,5,market_alpha,0.4566361023504313,156
2026-02-26,5,market_alpha,0.4565434565434565,155
2026-02-27,5,market_alpha,0.33687656025406065,156
2026-03-02,5,market_alpha,-0.12848441880699946,155
2026-03-03,5,market_alpha,-0.27415308834289936,158
2026-03-04,5,market_alpha,-0.3838367554199594,159
2026-03-05,5,market_alpha,-0.14599697276448143,159
2026-03-06,5,market_alpha,-0.1669897480597857,156
2026-03-09,5,market_alpha,-0.28229958972690405,159
2026-03-10,5,market_alpha,-0.38884076071036133,161
2026-03-11,5,market_alpha,-0.15776871509485313,159
2026-03-12,5,market_alpha,-0.24079088856435307,157
2026-03-13,5,market_alpha,-0.26300051713281086,157
2026-03-16,5,market_alpha,0.0005984909036361672,157
2026-03-17,5,market_alpha,0.03485821890038422,157
2026-03-18,5,market_alpha,-0.1385565812146668,158
2026-03-19,5,market_alpha,0.0597296321170025,159
2026-03-20,5,market_alpha,-0.13047388529520984,159
2026-03-23,5,market_alpha,-0.14426061638753154,159
2026-03-24,5,market_alpha,-0.1784248221432066,159
2026-03-25,5,market_alpha,-0.29512399041629644,158
2026-03-26,5,market_alpha,-0.4261972267141598,157
2026-03-27,5,market_alpha,-0.2666883654156109,155
2026-03-30,5,market_alpha,-0.3950698191440345,151
2026-03-31,5,market_alpha,-0.42745064943545763,151
2026-04-01,5,market_alpha,-0.15750504186096886,149
2026-04-02,5,market_alpha,-0.04289324904283883,148
2026-04-03,5,market_alpha,-0.1731717182056009,145
2026-04-06,5,market_alpha,-0.11625501580603259,140
2026-04-07,5,market_alpha,-0.13661773580727518,139
2026-04-08,5,market_alpha,-0.1465691539627338,141
2026-04-09,5,market_alpha,-0.26059441957751583,141
2026-04-10,5,market_alpha,-0.21392892077464393,139
2026-04-13,5,market_alpha,-0.17569617801116902,139
2026-04-14,5,market_alpha,-0.10792711406503351,138
2026-04-15,5,market_alpha,-0.039400865545622145,139
2026-04-16,5,market_alpha,-0.11377452395430997,140
2026-04-17,5,market_alpha,0.13355166694188125,141
2026-04-20,5,market_alpha,0.250077362355569,139
2026-04-21,5,market_alpha,0.2746551558275849,140
2026-04-22,5,market_alpha,0.19620594616878823,141
2026-04-23,5,market_alpha,0.12810149102172202,140
2026-04-24,5,market_alpha,0.10403721784731487,140
2026-04-28,5,market_alpha,-0.0111163745244157,139
2026-04-29,5,market_alpha,0.0071967602345197265,139
2026-05-04,5,market_alpha,0.07410551903876227,139
2026-05-05,5,market_alpha,0.16851587879822735,139
2026-05-06,5,market_alpha,0.10765368622786176,138
2026-05-07,5,market_alpha,0.014355536947155927,139
2026-05-08,5,market_alpha,-0.10872819786091821,139
2026-05-11,5,market_alpha,-0.11736840509420221,137
2026-05-12,5,market_alpha,-0.19050456762024695,138
2026-05-13,5,market_alpha,0.10808588603363661,139
2026-05-14,5,market_alpha,0.034222559848008774,137
2026-05-15,5,market_alpha,-0.2985918378332165,135
2026-05-18,5,market_alpha,-0.41975012661034067,133
2026-05-19,5,market_alpha,-0.332299167574558,134
2026-05-20,5,market_alpha,-0.34773553164988824,135
2026-05-21,5,market_alpha,-0.2818527763243641,135
2026-05-22,5,market_alpha,-0.00067083548945486,134
2026-05-25,5,market_alpha,-0.01895420195751528,134
2026-05-26,5,market_alpha,-0.08204565408252855,135
2026-05-27,5,market_alpha,-0.15769724395623558,136
2026-05-28,5,market_alpha,0.010584998518914054,137
2026-05-29,5,market_alpha,-0.016024238024523,136
2026-06-01,5,market_alpha,-0.011684787530759813,136
2026-06-02,5,market_alpha,0.09615337722851525,135
2026-06-03,5,market_alpha,-0.06164671768923655,135
2026-06-04,5,market_alpha,-0.1357534371881465,135
2026-06-05,5,market_alpha,-0.05232864073849399,134
2026-06-08,5,market_alpha,-0.04166459440403201,133
2026-06-09,5,market_alpha,-0.27281746793043693,133
2026-06-10,5,market_alpha,-0.07383009815795978,131
2026-06-11,5,market_alpha,-0.20457372705435414,131
2026-06-12,5,market_alpha,-0.10016197037352273,130
2026-06-15,5,market_alpha,-0.09938523875362387,129
2026-06-16,5,market_alpha,0.024849199738758928,129
2026-06-17,5,market_alpha,0.04563350138215313,128
2026-06-18,5,market_alpha,0.2276038477642544,128
2026-06-19,5,market_alpha,0.2857142857145648,129
2026-06-22,5,market_alpha,0.15697203137561574,129
2026-06-23,5,market_alpha,0.27093466700459606,129
2026-06-24,5,market_alpha,0.16877774514077812,130
2026-06-25,5,market_alpha,0.12670803548323786,129
2026-06-26,5,market_alpha,0.1593467638208262,126
2026-06-29,5,market_alpha,0.3625065519337629,129
2026-06-30,5,market_alpha,0.37471840851613075,126
2026-07-01,5,market_alpha,0.3416025078634095,126
2026-07-02,5,market_alpha,0.2834834115334985,125
2026-07-03,5,market_alpha,0.06488172830492868,127
2026-07-06,5,market_alpha,-0.18037078188878092,129
2026-07-07,5,market_alpha,-0.32766155025724136,130
2026-07-08,5,market_alpha,-0.14945314858463224,130
2026-07-09,5,market_alpha,-0.04487804114476478,132
2026-07-10,5,market_alpha,0.09106935764348797,131
2026-07-13,5,market_alpha,0.2900740539078731,131
2026-07-14,5,market_alpha,0.2916087807732015,131
2026-07-15,5,market_alpha,0.3302269677996423,129
2026-07-16,5,market_alpha,0.3113915718863145,130
2026-07-17,5,market_alpha,0.41031887683725987,130
2026-07-20,5,market_alpha,0.373631132792009,132
2026-07-21,5,market_alpha,0.3086765956743867,133
2026-07-22,5,market_alpha,0.04245966006197515,132
2026-07-23,5,market_alpha,-0.043535076135036384,129
2026-07-24,5,market_alpha,-0.16569290018640284,128
2026-07-27,5,market_alpha,-0.6364601967799643,129
2026-07-28,5,market_alpha,-0.5611423316507209,129
2026-07-29,5,market_alpha,-0.5388452298267085,129
2026-07-30,5,market_alpha,-0.2821281768706293,130
2026-07-31,5,market_alpha,-0.31053336292348893,129
2026-08-03,5,market_alpha,-0.21922080449428724,128
2026-08-04,5,market_alpha,-0.26427543429151995,128
2026-08-05,5,market_alpha,-0.21564220833022693,129
2026-08-06,5,market_alpha,-0.09919021563565372,130
2026-08-07,5,market_alpha,-0.21733198799207237,130
2026-08-10,5,market_alpha,0.0025604508193429634,129
2026-08-11,5,market_alpha,0.12365898286875926,128
2026-08-12,5,market_alpha,0.25548697222024996,130
2026-08-13,5,market_alpha,0.1497387711682819,128
2026-08-14,5,market_alpha,-0.03645008589981686,129
2026-08-17,5,market_alpha,-0.19942558856383757,129
2026-08-18,5,market_alpha,-0.38048544604725687,129
2026-08-19,5,market_alpha,-0.40384061722159087,129
2026-08-20,5,market_alpha,-0.4511493132398442,126
2026-08-21,5,market_alpha,-0.16753678342301553,127
2026-08-24,5,market_alpha,-0.11245994040552383,127
2026-08-25,5,market_alpha,-0.01979989191195448,127
2026-08-26,5,market_alpha,-0.07621458749852966,126
2026-08-27,5,market_alpha,0.0006421236174052077,125
2026-08-28,5,market_alpha,0.02498526355479089,126
2026-09-03,5,market_alpha,0.2294391977874204,125
2026-09-04,5,market_alpha,0.25040794714106085,124
2026-09-07,5,market_alpha,0.4171226332512258,125
2026-09-08,5,market_alpha,0.4304374236148299,126
2026-09-09,5,market_alpha,0.4305857404081271,126
2026-09-10,5,market_alpha,0.33972559184510326,126
2026-09-11,5,market_alpha,0.13128252821889072,126
2026-09-14,5,market_alpha,0.13057819283473557,127
2026-09-15,5,market_alpha,-0.10759826987024906,126
2026-09-16,5,market_alpha,-0.20771973958685783,126
2026-09-17,5,market_alpha,-0.12615964058584836,128
2026-09-24,5,market_alpha,0.49275421108445605,128
2025-11-04,5,sector_alpha,0.05113119590425328,147
2025-11-05,5,sector_alpha,-0.01648919153288901,146
2025-11-06,5,sector_alpha,0.04793263281147227,146
2025-11-07,5,sector_alpha,-0.034605375741671766,145
2025-11-10,5,sector_alpha,-0.2064154746247943,145
2025-11-11,5,sector_alpha,-0.19044770054280988,145
2025-11-12,5,sector_alpha,-0.09558165921821203,146
2025-11-13,5,sector_alpha,-0.16556096220614658,145
2025-11-14,5,sector_alpha,-0.1285548389296764,145
2025-11-17,5,sector_alpha,-0.08270934272873717,145
2025-11-18,5,sector_alpha,-0.06461162991403849,145
2025-11-19,5,sector_alpha,-0.08930750820131385,145
2025-11-20,5,sector_alpha,-0.09616818465278866,144
2025-11-21,5,sector_alpha,-0.052110442982609445,144
2025-11-24,5,sector_alpha,-0.023936759853434672,143
2025-11-25,5,sector_alpha,-0.09675577083648831,142
2025-11-26,5,sector_alpha,0.05407994279234606,142
2025-11-27,5,sector_alpha,0.03923845473279245,142
2025-11-28,5,sector_alpha,0.09840529083406899,142
2025-12-01,5,sector_alpha,0.13196751602269952,141
2025-12-02,5,sector_alpha,-0.01746067230566172,139
2025-12-03,5,sector_alpha,-0.0400489179516307,137
2025-12-04,5,sector_alpha,0.05170945366480385,138
2025-12-05,5,sector_alpha,-0.16562963174440862,138
2025-12-08,5,sector_alpha,-0.1557116519766864,139
2025-12-09,5,sector_alpha,-0.1446438418585946,140
2025-12-10,5,sector_alpha,0.019135386768611044,140
2025-12-11,5,sector_alpha,0.1472921053442519,140
2025-12-12,5,sector_alpha,0.07343582475726476,139
2025-12-15,5,sector_alpha,-0.1164685387657666,139
2025-12-16,5,sector_alpha,-0.03229817859851447,139
2025-12-17,5,sector_alpha,0.008280602046807476,139
2025-12-18,5,sector_alpha,0.045560337453176836,136
2025-12-19,5,sector_alpha,0.1193224138024403,138
2025-12-22,5,sector_alpha,0.14260815287270684,139
2025-12-23,5,sector_alpha,0.13065736324974572,138
2025-12-24,5,sector_alpha,0.16958216483165475,138
2025-12-25,5,sector_alpha,0.14252786880318244,139
2025-12-26,5,sector_alpha,0.13774118594255305,142
2025-12-29,5,sector_alpha,0.1531801769859198,141
2025-12-30,5,sector_alpha,0.16269601160145386,143
2025-12-31,5,sector_alpha,0.1807480727540758,141
2026-01-05,5,sector_alpha,-0.04433122146520361,141
2026-01-06,5,sector_alpha,-0.09335193287451753,142
2026-01-07,5,sector_alpha,0.030087527807578358,142
2026-01-08,5,sector_alpha,0.09330834694577834,144
2026-01-09,5,sector_alpha,-0.08854794359407452,146
2026-01-12,5,sector_alpha,-0.003812337793987377,147
2026-01-13,5,sector_alpha,0.03546594412372616,146
2026-01-14,5,sector_alpha,-0.07813309860867662,148
2026-01-15,5,sector_alpha,-0.18018570872912326,150
2026-01-16,5,sector_alpha,-0.22800170429591443,152
2026-01-19,5,sector_alpha,-0.19146321459373372,153
2026-01-20,5,sector_alpha,-0.12817262882651959,153
2026-01-21,5,sector_alpha,-0.030619192378012156,155
2026-01-22,5,sector_alpha,0.09845761766954861,157
2026-01-23,5,sector_alpha,0.1603298798207255,157
2026-01-26,5,sector_alpha,0.22347389617917748,159
2026-01-27,5,sector_alpha,0.09065556026162402,159
2026-01-28,5,sector_alpha,0.12238251663961959,161
2026-01-29,5,sector_alpha,-0.014976545245417902,161
2026-01-30,5,sector_alpha,0.07398813140468852,162
2026-02-02,5,sector_alpha,-0.09188531618110878,163
2026-02-03,5,sector_alpha,-0.30588995039922096,163
2026-02-04,5,sector_alpha,-0.3272354932498066,163
2026-02-05,5,sector_alpha,-0.2424874183516393,162
2026-02-06,5,sector_alpha,-0.23402844003315085,162
2026-02-09,5,sector_alpha,-0.17691887449731702,161
2026-02-10,5,sector_alpha,-0.11331205287619125,161
2026-02-11,5,sector_alpha,0.018962858822496726,160
2026-02-12,5,sector_alpha,0.0255124507119547,160
2026-02-13,5,sector_alpha,0.19324933645729833,159
2026-02-23,5,sector_alpha,0.2764101856773616,157
2026-02-24,5,sector_alpha,0.20503790136488548,157
2026-02-25,5,sector_alpha,0.22975116266511553,156
2026-02-26,5,sector_alpha,0.21064474713502482,155
2026-02-27,5,sector_alpha,0.07905249764493796,156
2026-03-02,5,sector_alpha,-0.14272775844321925,155
2026-03-03,5,sector_alpha,-0.04433446232985175,158
2026-03-04,5,sector_alpha,-0.12892265440648892,159
2026-03-05,5,sector_alpha,-0.011259069104371912,159
2026-03-06,5,sector_alpha,0.05616852466766487,156
2026-03-09,5,sector_alpha,-0.05290156981506516,159
2026-03-10,5,sector_alpha,-0.14706538490185417,161
2026-03-11,5,sector_alpha,-0.015758976854339753,159
2026-03-12,5,sector_alpha,-0.0614147444123166,157
2026-03-13,5,sector_alpha,-0.10206304787309096,157
2026-03-16,5,sector_alpha,0.047803056823775295,157
2026-03-17,5,sector_alpha,0.07700466465124825,157
2026-03-18,5,sector_alpha,-0.050914645911753216,158
2026-03-19,5,sector_alpha,0.0060042486802095694,159
2026-03-20,5,sector_alpha,-0.1184456458338738,159
2026-03-23,5,sector_alpha,-0.0654584542678997,159
2026-03-24,5,sector_alpha,-0.08285014812442751,159
2026-03-25,5,sector_alpha,-0.24253078300467829,158
2026-03-26,5,sector_alpha,-0.3225623390384763,157
2026-03-27,5,sector_alpha,-0.24739267873789586,155
2026-03-30,5,sector_alpha,-0.2843216644683181,151
2026-03-31,5,sector_alpha,-0.32490991281912496,151
2026-04-01,5,sector_alpha,-0.15131549202924424,149
2026-04-02,5,sector_alpha,-0.15412822685741437,148
2026-04-03,5,sector_alpha,-0.1886804383077992,145
2026-04-06,5,sector_alpha,-0.03472473029902766,140
2026-04-07,5,sector_alpha,-0.14623120010443144,139
2026-04-08,5,sector_alpha,-0.15008083629315272,141
2026-04-09,5,sector_alpha,-0.20716239245306084,141
2026-04-10,5,sector_alpha,-0.2662894413287309,139
2026-04-13,5,sector_alpha,-0.24328864127800606,139
2026-04-14,5,sector_alpha,-0.14275438364142903,138
2026-04-15,5,sector_alpha,-0.028387558353100393,139
2026-04-16,5,sector_alpha,-0.16749459988582333,140
2026-04-17,5,sector_alpha,-0.017726025296905347,141
2026-04-20,5,sector_alpha,0.08122075424268792,139
2026-04-21,5,sector_alpha,0.1463760422733898,140
2026-04-22,5,sector_alpha,0.06916533185431778,141
2026-04-23,5,sector_alpha,0.18923126159215153,140
2026-04-24,5,sector_alpha,0.23505879213350556,140
2026-04-28,5,sector_alpha,0.08175513707022636,139
2026-04-29,5,sector_alpha,0.08229371657900271,139
2026-05-04,5,sector_alpha,0.11663678125487802,139
2026-05-05,5,sector_alpha,0.2233182087794372,139
2026-05-06,5,sector_alpha,0.18237032961777766,138
2026-05-07,5,sector_alpha,0.14645963024549563,139
2026-05-08,5,sector_alpha,0.11139448648585751,139
2026-05-11,5,sector_alpha,-0.006954537012939008,137
2026-05-12,5,sector_alpha,-0.11066677001564548,138
2026-05-13,5,sector_alpha,0.053612594224796126,139
2026-05-14,5,sector_alpha,0.031692755452628785,137
2026-05-15,5,sector_alpha,-0.18350651447796884,135
2026-05-18,5,sector_alpha,-0.16079627966222748,133
2026-05-19,5,sector_alpha,-0.24050634999289303,134
2026-05-20,5,sector_alpha,-0.29229058397241225,135
2026-05-21,5,sector_alpha,-0.2505926876900807,135
2026-05-22,5,sector_alpha,0.020917282892290147,134
2026-05-25,5,sector_alpha,-0.09524391763549135,134
2026-05-26,5,sector_alpha,0.009961461641385873,135
2026-05-27,5,sector_alpha,-0.009084457108438826,136
2026-05-28,5,sector_alpha,0.024928385205921215,137
2026-05-29,5,sector_alpha,-0.03169687837364986,136
2026-06-01,5,sector_alpha,0.011621498687795084,136
2026-06-02,5,sector_alpha,0.04037762690195388,135
2026-06-03,5,sector_alpha,-0.04029066120851177,135
2026-06-04,5,sector_alpha,0.032274745455146386,135
2026-06-05,5,sector_alpha,0.027963708383670984,134
2026-06-08,5,sector_alpha,-0.11907434378185128,133
2026-06-09,5,sector_alpha,-0.2066659208337195,133
2026-06-10,5,sector_alpha,-0.11774159254074512,131
2026-06-11,5,sector_alpha,-0.1820507115011799,131
2026-06-12,5,sector_alpha,-0.08507500052604894,130
2026-06-15,5,sector_alpha,-0.06649725144848656,129
2026-06-16,5,sector_alpha,-0.08804025843732675,129
2026-06-17,5,sector_alpha,-0.12086659332216852,128
2026-06-18,5,sector_alpha,0.012005575275520916,128
2026-06-19,5,sector_alpha,0.07315058527668697,129
2026-06-22,5,sector_alpha,0.04013062562045771,129
2026-06-23,5,sector_alpha,0.11595990482148359,129
2026-06-24,5,sector_alpha,-0.0923003014053617,130
2026-06-25,5,sector_alpha,-0.039628513014810476,129
2026-06-26,5,sector_alpha,-0.010939640038709083,126
2026-06-29,5,sector_alpha,0.2507872733103178,129
2026-06-30,5,sector_alpha,0.16366376885073294,126
2026-07-01,5,sector_alpha,0.12235075654954296,126
2026-07-02,5,sector_alpha,0.18318941395265445,125
2026-07-03,5,sector_alpha,0.15509310259301284,127
2026-07-06,5,sector_alpha,0.042273299693995764,129
2026-07-07,5,sector_alpha,-0.014686017105083318,130
2026-07-08,5,sector_alpha,0.10320095874178525,130
2026-07-09,5,sector_alpha,0.15180964281526332,132
2026-07-10,5,sector_alpha,0.15222000389471801,131
2026-07-13,5,sector_alpha,0.30960967985589616,131
2026-07-14,5,sector_alpha,0.26803749736554894,131
2026-07-15,5,sector_alpha,0.32888492925465,129
2026-07-16,5,sector_alpha,0.2619911581311861,130
2026-07-17,5,sector_alpha,0.3544597486259102,130
2026-07-20,5,sector_alpha,0.277163560574267,132
2026-07-21,5,sector_alpha,0.2844997270315535,133
2026-07-22,5,sector_alpha,0.07195371661680945,132
2026-07-23,5,sector_alpha,0.004624633239843987,129
2026-07-24,5,sector_alpha,-0.05238993915536985,128
2026-07-27,5,sector_alpha,-0.5343660255538231,129
2026-07-28,5,sector_alpha,-0.4181406600678287,129
2026-07-29,5,sector_alpha,-0.44087797415876656,129
2026-07-30,5,sector_alpha,-0.24036618762267986,130
2026-07-31,5,sector_alpha,-0.3220712950122395,129
2026-08-03,5,sector_alpha,-0.15362356227304952,128
2026-08-04,5,sector_alpha,-0.17574477160573457,128
2026-08-05,5,sector_alpha,-0.14320445700195128,129
2026-08-06,5,sector_alpha,-0.1322990902527317,130
2026-08-07,5,sector_alpha,-0.12896898650882366,130
2026-08-10,5,sector_alpha,0.020485125734399475,129
2026-08-11,5,sector_alpha,0.09652194384845253,128
2026-08-12,5,sector_alpha,0.13345847969030325,130
2026-08-13,5,sector_alpha,0.05605845256183641,128
2026-08-14,5,sector_alpha,0.041660901835895776,129
2026-08-17,5,sector_alpha,-0.09768782463696747,129
2026-08-18,5,sector_alpha,-0.17119834620872904,129
2026-08-19,5,sector_alpha,-0.06755245712167741,129
2026-08-20,5,sector_alpha,-0.16447740029715094,126
2026-08-21,5,sector_alpha,0.021531686982382264,127
2026-08-24,5,sector_alpha,-0.09900839766177788,127
2026-08-25,5,sector_alpha,0.053022814914821095,127
2026-08-26,5,sector_alpha,-0.00416451028007608,126
2026-08-27,5,sector_alpha,0.026392985929781926,125
2026-08-28,5,sector_alpha,0.004878619732342037,126
2026-09-03,5,sector_alpha,0.1482528742631199,125
2026-09-04,5,sector_alpha,0.1257635777889984,124
2026-09-07,5,sector_alpha,0.271723178500166,125
2026-09-08,5,sector_alpha,0.3230792488412851,126
2026-09-09,5,sector_alpha,0.29877325088973133,126
2026-09-10,5,sector_alpha,0.16305458360234282,126
2026-09-11,5,sector_alpha,0.04775359314915222,126
2026-09-14,5,sector_alpha,0.022457556270269997,127
2026-09-15,5,sector_alpha,-0.04069413830056663,126
2026-09-16,5,sector_alpha,-0.15649182275761894,126
2026-09-17,5,sector_alpha,-0.15361519509634006,128
2026-09-24,5,sector_alpha,0.20992442499193156,128
2025-11-04,20,market_alpha,0.11964778695706375,147
2025-11-05,20,market_alpha,0.0074828161315737204,146
2025-11-06,20,market_alpha,-0.06064725107411784,146
2025-11-07,20,market_alpha,-0.09378628930901187,145
2025-11-10,20,market_alpha,-0.05651189797776178,145
2025-11-11,20,market_alpha,-0.007526521937411571,145
2025-11-12,20,market_alpha,0.044261753021482414,146
2025-11-13,20,market_alpha,-0.10579063492115223,145
2025-11-14,20,market_alpha,0.017020941584002518,145
2025-11-17,20,market_alpha,0.002987718469532357,145
2025-11-18,20,market_alpha,-0.07204770902220121,145
2025-11-19,20,market_alpha,-0.018937981162406,145
2025-11-20,20,market_alpha,0.026338792880786166,143
2025-11-21,20,market_alpha,-0.05460208805279228,143
2025-11-24,20,market_alpha,-0.06169776249780444,142
2025-11-25,20,market_alpha,-0.049850218170988524,141
2025-11-26,20,market_alpha,0.004499355706003412,141
2025-11-27,20,market_alpha,0.18761748489756963,142
2025-11-28,20,market_alpha,0.07453440879884572,142
2025-12-01,20,market_alpha,0.11625497666852175,141
2025-12-02,20,market_alpha,0.1782035756913796,139
2025-12-03,20,market_alpha,0.23036131195680914,137
2025-12-04,20,market_alpha,0.3071427674472906,138
2025-12-05,20,market_alpha,0.25735121201674016,138
2025-12-08,20,market_alpha,0.15046695562804413,139
2025-12-09,20,market_alpha,0.008016479047020957,140
2025-12-10,20,market_alpha,0.12517561957500165,140
2025-12-11,20,market_alpha,-0.006160498321080853,141
2025-12-12,20,market_alpha,-0.030266154540870623,140
2025-12-15,20,market_alpha,0.07565983687214364,140
2025-12-16,20,market_alpha,0.10684655922678271,140
2025-12-17,20,market_alpha,0.25135684765257704,140
2025-12-18,20,market_alpha,0.15803415633110368,136
2025-12-19,20,market_alpha,0.10338891337065277,138
2025-12-22,20,market_alpha,0.16303677554850526,139
2025-12-23,20,market_alpha,0.12965313802262246,138
2025-12-24,20,market_alpha,0.09801844338556447,138
2025-12-25,20,market_alpha,0.11969390605673426,139
2025-12-26,20,market_alpha,0.13768924569964422,142
2025-12-29,20,market_alpha,0.22163165937472656,141
2025-12-30,20,market_alpha,0.1966169652412527,143
2025-12-31,20,market_alpha,0.18457145486916565,141
2026-01-05,20,market_alpha,0.2265146480101558,141
2026-01-06,20,market_alpha,0.23033753779932986,142
2026-01-07,20,market_alpha,0.35539833839735757,142
2026-01-08,20,market_alpha,0.34144596640758174,144
2026-01-09,20,market_alpha,0.18505957660984082,146
2026-01-12,20,market_alpha,0.18118761758683483,147
2026-01-13,20,market_alpha,0.145066661525262,146
2026-01-14,20,market_alpha,-0.08613785425348446,148
2026-01-15,20,market_alpha,-0.12291046082982841,150
2026-01-16,20,market_alpha,-0.04296640061782178,152
2026-01-19,20,market_alpha,0.0024258710435949822,153
2026-01-20,20,market_alpha,0.038636708229471795,153
2026-01-21,20,market_alpha,0.1227943249880735,155
2026-01-22,20,market_alpha,0.23717468660632737,157
2026-01-23,20,market_alpha,0.3776037064022012,157
2026-01-26,20,market_alpha,0.40112073418119465,159
2026-01-27,20,market_alpha,0.29052424170050156,159
2026-01-28,20,market_alpha,0.28118817575339317,161
2026-01-29,20,market_alpha,0.1660115194725045,161
2026-01-30,20,market_alpha,0.09892309830990784,162
2026-02-02,20,market_alpha,0.08873007999901059,163
2026-02-03,20,market_alpha,0.026496213787486605,163
2026-02-04,20,market_alpha,0.020916823862669173,163
2026-02-05,20,market_alpha,0.12977146639456588,162
2026-02-06,20,market_alpha,0.12484034543250334,162
2026-02-09,20,market_alpha,0.13225307865736455,161
2026-02-10,20,market_alpha,0.19392550407535314,161
2026-02-11,20,market_alpha,0.22109196808292805,160
2026-02-12,20,market_alpha,0.28640928168822943,160
2026-02-13,20,market_alpha,0.21916712194724475,159
2026-02-23,20,market_alpha,0.19160066733234515,157
2026-02-24,20,market_alpha,0.08127066032411513,157
2026-02-25,20,market_alpha,0.07269681212561836,156
2026-02-26,20,market_alpha,0.11128226612097579,155
2026-02-27,20,market_alpha,-0.11498483901383293,156
2026-03-02,20,market_alpha,-0.32986690728626217,155
2026-03-03,20,market_alpha,-0.4719586040191002,158
2026-03-04,20,market_alpha,-0.517343913735031,159
2026-03-05,20,market_alpha,-0.4891121327919752,159
2026-03-06,20,market_alpha,-0.4940177964628344,156
2026-03-09,20,market_alpha,-0.41283915455525183,159
2026-03-10,20,market_alpha,-0.4471247750783125,161
2026-03-11,20,market_alpha,-0.3756668726637014,159
2026-03-12,20,market_alpha,-0.41114929634692576,157
2026-03-13,20,market_alpha,-0.45645115775918194,157
2026-03-16,20,market_alpha,-0.32684808614349736,157
2026-03-17,20,market_alpha,-0.2730610542588387,157
2026-03-18,20,market_alpha,-0.3639700681058599,158
2026-03-19,20,market_alpha,-0.33967913959791246,159
2026-03-20,20,market_alpha,-0.4085664215638627,159
2026-03-23,20,market_alpha,-0.42455250220374124,159
2026-03-24,20,market_alpha,-0.3682480542411152,159
2026-03-25,20,market_alpha,-0.3030395226964982,158
2026-03-26,20,market_alpha,-0.40043910074384853,157
2026-03-27,20,market_alpha,-0.2660941163287376,155
2026-03-30,20,market_alpha,-0.2865145043601747,151
2026-03-31,20,market_alpha,-0.2626124610091653,151
2026-04-01,20,market_alpha,-0.17905658495734572,149
2026-04-02,20,market_alpha,-0.17158764474308347,148
2026-04-03,20,market_alpha,-0.08999799243492981,145
2026-04-06,20,market_alpha,0.05779893048365668,140
2026-04-07,20,market_alpha,0.06951606416729969,139
2026-04-08,20,market_alpha,0.11240339531297001,141
2026-04-09,20,market_alpha,0.0059249175102965455,141
2026-04-10,20,market_alpha,0.06609328622070149,139
2026-04-13,20,market_alpha,-0.029956689258574993,139
2026-04-14,20,market_alpha,-0.05037118554485876,138
2026-04-15,20,market_alpha,-0.05312352330706575,139
2026-04-16,20,market_alpha,-0.07247600096214823,140
2026-04-17,20,market_alpha,0.0053876507851937875,141
2026-04-20,20,market_alpha,-0.014558291255194599,139
2026-04-21,20,market_alpha,0.09780684634810065,140
2026-04-22,20,market_alpha,0.12539291642726946,141
2026-04-23,20,market_alpha,0.05754083663160658,140
2026-04-24,20,market_alpha,0.022669548741074037,140
2026-04-28,20,market_alpha,-0.10233936094041075,139
2026-04-29,20,market_alpha,-0.15673175745118187,139
2026-05-04,20,market_alpha,-0.10202444708110515,139
2026-05-05,20,market_alpha,-0.09928615316488386,139
2026-05-06,20,market_alpha,-0.129192742283482,138
2026-05-07,20,market_alpha,-0.2138795609272082,139
2026-05-08,20,market_alpha,-0.20869658473144917,139
2026-05-11,20,market_alpha,-0.21308361491216604,137
2026-05-12,20,market_alpha,-0.26076682291107767,138
2026-05-13,20,market_alpha,-0.1781142057938413,139
2026-05-14,20,market_alpha,-0.08652765769917867,137
2026-05-15,20,market_alpha,-0.29150814554677595,135
2026-05-18,20,market_alpha,-0.44510870119668233,133
2026-05-19,20,market_alpha,-0.38693001159615464,134
2026-05-20,20,market_alpha,-0.43321192226634764,135
2026-05-21,20,market_alpha,-0.28627242009632553,135
2026-05-22,20,market_alpha,-0.07768464786264961,134
2026-05-25,20,market_alpha,0.0013841175640243303,134
2026-05-26,20,market_alpha,0.0791972480700619,135
2026-05-27,20,market_alpha,0.13224591442696473,136
2026-05-28,20,market_alpha,0.16480295704444897,137
2026-05-29,20,market_alpha,0.11163589523400601,136
2026-06-01,20,market_alpha,0.15718313622208463,136
2026-06-02,20,market_alpha,0.14610543618369584,135
2026-06-03,20,market_alpha,0.15589004948356158,135
2026-06-04,20,market_alpha,0.020081065657568196,135
2026-06-05,20,market_alpha,0.11562502727602511,134
2026-06-08,20,market_alpha,0.21111064352380884,133
2026-06-09,20,market_alpha,0.2222851342350168,133
2026-06-10,20,market_alpha,0.2978503061501156,131
2026-06-11,20,market_alpha,0.22903252677584449,130
2026-06-12,20,market_alpha,0.3251974798657696,129
2026-06-15,20,market_alpha,0.3064919235432824,128
2026-06-16,20,market_alpha,0.17790379781622678,128
2026-06-17,20,market_alpha,0.07792592028434535,127
2026-06-18,20,market_alpha,0.24160198959822388,127
2026-06-19,20,market_alpha,0.2951014796707488,128
2026-06-22,20,market_alpha,0.22958821644387473,128
2026-06-23,20,market_alpha,0.33937276386404297,129
2026-06-24,20,market_alpha,0.3598437777383277,130
2026-06-25,20,market_alpha,0.35990608228980325,129
2026-06-26,20,market_alpha,0.2898602022653463,126
2026-06-29,20,market_alpha,0.31458519677996427,129
2026-06-30,20,market_alpha,0.21757180352455946,126
2026-07-01,20,market_alpha,0.15650567154973966,126
2026-07-02,20,market_alpha,0.09444319460067492,126
2026-07-03,20,market_alpha,0.03183663659552435,128
2026-07-06,20,market_alpha,-0.04826236636086703,130
2026-07-07,20,market_alpha,-0.06074048569439788,131
2026-07-08,20,market_alpha,-0.024390113703090806,131
2026-07-09,20,market_alpha,-0.006819616703104046,132
2026-07-10,20,market_alpha,-0.018875780707841777,131
2026-07-13,20,market_alpha,-0.0032296120729231473,131
2026-07-14,20,market_alpha,0.08450072665988236,131
2026-07-15,20,market_alpha,0.008600749945153115,129
2026-07-16,20,market_alpha,-0.019066477305541403,130
2026-07-17,20,market_alpha,0.026888254653211156,130
2026-07-20,20,market_alpha,-0.23607804589575196,132
2026-07-21,20,market_alpha,-0.2051488716330589,133
2026-07-22,20,market_alpha,-0.2657992880533378,132
2026-07-23,20,market_alpha,-0.2152255035080432,129
2026-07-24,20,market_alpha,-0.43748855520966856,128
2026-07-27,20,market_alpha,-0.6213159660107336,129
2026-07-28,20,market_alpha,-0.5411232965167636,129
2026-07-29,20,market_alpha,-0.49483242234007185,129
2026-07-30,20,market_alpha,-0.30081527316721923,130
2026-07-31,20,market_alpha,-0.3140333468741803,129
2026-08-03,20,market_alpha,-0.17872726390173438,128
2026-08-04,20,market_alpha,-0.11044238469726199,128
2026-08-05,20,market_alpha,-0.045287343470483014,129
2026-08-06,20,market_alpha,-0.10768831595476178,130
2026-08-07,20,market_alpha,0.04228106351308907,130
2026-08-10,20,market_alpha,0.10422629695885512,129
2026-08-11,20,market_alpha,0.09791318255764254,128
2026-08-12,20,market_alpha,0.17443089486405658,130
2026-08-13,20,market_alpha,0.04743014018462466,128
2026-08-14,20,market_alpha,0.16483140210129318,129
2026-08-17,20,market_alpha,0.134403890904936,129
2026-08-18,20,market_alpha,0.13445960677539479,129
2026-08-19,20,market_alpha,0.1634386661422218,129
2026-08-20,20,market_alpha,0.15976350885263885,126
2026-08-21,20,market_alpha,0.01930135481516886,127
2026-08-24,20,market_alpha,-0.021137982752155976,127
2026-09-03,20,market_alpha,0.1739231950844854,125
2026-09-04,20,market_alpha,0.15819354838709673,124
2026-09-07,20,market_alpha,0.2523379416282642,125
2026-09-08,20,market_alpha,0.2964379452568429,126
2025-11-04,20,sector_alpha,-0.042797278766477875,147
2025-11-05,20,sector_alpha,-0.15304654965045938,146
2025-11-06,20,sector_alpha,-0.15586046691385863,146
2025-11-07,20,sector_alpha,-0.12296890884269761,145
2025-11-10,20,sector_alpha,-0.14222597685420504,145
2025-11-11,20,sector_alpha,-0.18455675355719986,145
2025-11-12,20,sector_alpha,-0.08387494002933707,146
2025-11-13,20,sector_alpha,-0.15370593111928074,145
2025-11-14,20,sector_alpha,-0.013090035916657198,145
2025-11-17,20,sector_alpha,-0.007712294845332769,145
2025-11-18,20,sector_alpha,-0.06008818592359062,145
2025-11-19,20,sector_alpha,-0.07198141855643916,145
2025-11-20,20,sector_alpha,-0.012271298315407473,143
2025-11-21,20,sector_alpha,-0.0021874923083987233,143
2025-11-24,20,sector_alpha,0.014623508288589975,142
2025-11-25,20,sector_alpha,0.08372152834948729,141
2025-11-26,20,sector_alpha,0.07554756455900498,141
2025-11-27,20,sector_alpha,0.10347165837033197,142
2025-11-28,20,sector_alpha,0.04295044373618222,142
2025-12-01,20,sector_alpha,0.07715760164307152,141
2025-12-02,20,sector_alpha,0.07988255333382932,139
2025-12-03,20,sector_alpha,0.06594535114459657,137
2025-12-04,20,sector_alpha,0.15630658576218684,138
2025-12-05,20,sector_alpha,0.16759105630936783,138
2025-12-08,20,sector_alpha,0.05250268191628203,139
2025-12-09,20,sector_alpha,0.009342452762227334,140
2025-12-10,20,sector_alpha,0.09995232597249916,140
2025-12-11,20,sector_alpha,0.06815386698054711,141
2025-12-12,20,sector_alpha,-0.009228723675832983,140
2025-12-15,20,sector_alpha,0.01595781911434912,140
2025-12-16,20,sector_alpha,0.02425273591587388,140
2025-12-17,20,sector_alpha,0.09535253701280673,140
2025-12-18,20,sector_alpha,0.08061077964750785,136
2025-12-19,20,sector_alpha,0.015749937766163076,138
2025-12-22,20,sector_alpha,-0.01223185566946407,139
2025-12-23,20,sector_alpha,-0.0234960207432941,138
2025-12-24,20,sector_alpha,-0.017205278343385016,138
2025-12-25,20,sector_alpha,0.018314265448835867,139
2025-12-26,20,sector_alpha,0.027896946344992707,142
2025-12-29,20,sector_alpha,0.020882172555145514,141
2025-12-30,20,sector_alpha,0.016154866849942533,143
2025-12-31,20,sector_alpha,-0.06330956991469074,141
2026-01-05,20,sector_alpha,-0.06635017417863816,141
2026-01-06,20,sector_alpha,0.007549645528952427,142
2026-01-07,20,sector_alpha,0.11692950200830243,142
2026-01-08,20,sector_alpha,0.09403584256486884,144
2026-01-09,20,sector_alpha,-0.06274313225758694,146
2026-01-12,20,sector_alpha,-0.019677482859493813,147
2026-01-13,20,sector_alpha,-0.025247626971687642,146
2026-01-14,20,sector_alpha,-0.18659205730988934,148
2026-01-15,20,sector_alpha,-0.1989909204054556,150
2026-01-16,20,sector_alpha,-0.16979170306471958,152
2026-01-19,20,sector_alpha,-0.13160320199956377,153
2026-01-20,20,sector_alpha,-0.06377048622552141,153
2026-01-21,20,sector_alpha,0.030440272189488717,155
2026-01-22,20,sector_alpha,0.04612884383679939,157
2026-01-23,20,sector_alpha,0.1874728160077313,157
2026-01-26,20,sector_alpha,0.16643179238530983,159
2026-01-27,20,sector_alpha,0.1073716900375027,159
2026-01-28,20,sector_alpha,0.06661471309166178,161
2026-01-29,20,sector_alpha,0.021668114100827602,161
2026-01-30,20,sector_alpha,-0.01796424514377314,162
2026-02-02,20,sector_alpha,-0.006427847469632607,163
2026-02-03,20,sector_alpha,-0.07529407878849663,163
2026-02-04,20,sector_alpha,-0.06512646836233432,163
2026-02-05,20,sector_alpha,0.0055880312907755185,162
2026-02-06,20,sector_alpha,0.03581054354086023,162
2026-02-09,20,sector_alpha,0.05131881141524267,161
2026-02-10,20,sector_alpha,0.06791188591115314,161
2026-02-11,20,sector_alpha,0.11598920616508139,160
2026-02-12,20,sector_alpha,0.16341638987612037,160
2026-02-13,20,sector_alpha,0.11574060297824904,159
2026-02-23,20,sector_alpha,0.10286487155861551,157
2026-02-24,20,sector_alpha,0.050734057674753315,157
2026-02-25,20,sector_alpha,0.01221214542869147,156
2026-02-26,20,sector_alpha,0.0647123511574637,155
2026-02-27,20,sector_alpha,-0.07688513824264204,156
2026-03-02,20,sector_alpha,-0.2249633401450461,155
2026-03-03,20,sector_alpha,-0.19013915906694895,158
2026-03-04,20,sector_alpha,-0.2539784442756289,159
2026-03-05,20,sector_alpha,-0.18159615514879562,159
2026-03-06,20,sector_alpha,-0.20590262236599302,156
2026-03-09,20,sector_alpha,-0.17016766178024287,159
2026-03-10,20,sector_alpha,-0.20521994475977307,161
2026-03-11,20,sector_alpha,-0.15223778163957022,159
2026-03-12,20,sector_alpha,-0.14761926609648113,157
2026-03-13,20,sector_alpha,-0.23060945634515675,157
2026-03-16,20,sector_alpha,-0.13156705291534715,157
2026-03-17,20,sector_alpha,-0.13593509710002066,157
2026-03-18,20,sector_alpha,-0.15891181386035297,158
2026-03-19,20,sector_alpha,-0.19479294259014376,159
2026-03-20,20,sector_alpha,-0.25782720212882015,159
2026-03-23,20,sector_alpha,-0.29337175049760794,159
2026-03-24,20,sector_alpha,-0.34860444757807146,159
2026-03-25,20,sector_alpha,-0.2796276383772358,158
2026-03-26,20,sector_alpha,-0.30337938605704196,157
2026-03-27,20,sector_alpha,-0.30322477148870275,155
2026-03-30,20,sector_alpha,-0.31109414811483943,151
2026-03-31,20,sector_alpha,-0.3294337687838475,151
2026-04-01,20,sector_alpha,-0.23931857005174406,149
2026-04-02,20,sector_alpha,-0.1905792332019313,148
2026-04-03,20,sector_alpha,-0.1194146527206988,145
2026-04-06,20,sector_alpha,-0.03850671824781625,140
2026-04-07,20,sector_alpha,0.023250721421235934,139
2026-04-08,20,sector_alpha,0.11599622292554855,141
2026-04-09,20,sector_alpha,0.1083991722955966,141
2026-04-10,20,sector_alpha,0.08202114356038073,139
2026-04-13,20,sector_alpha,0.03756676538744483,139
2026-04-14,20,sector_alpha,0.07635648384619324,138
2026-04-15,20,sector_alpha,0.12308723743090225,139
2026-04-16,20,sector_alpha,0.05546113617208481,140
2026-04-17,20,sector_alpha,0.13987641266277795,141
2026-04-20,20,sector_alpha,0.09581179072505534,139
2026-04-21,20,sector_alpha,0.21551425369713384,140
2026-04-22,20,sector_alpha,0.19198370615862986,141
2026-04-23,20,sector_alpha,0.1169944519542547,140
2026-04-24,20,sector_alpha,0.08338091302479594,140
2026-04-28,20,sector_alpha,0.017148044101213653,139
2026-04-29,20,sector_alpha,0.02198937146346975,139
2026-05-04,20,sector_alpha,0.10084981098106882,139
2026-05-05,20,sector_alpha,0.03073106386128275,139
2026-05-06,20,sector_alpha,-0.0804483811171416,138
2026-05-07,20,sector_alpha,-0.09975458918628327,139
2026-05-08,20,sector_alpha,-0.15791551333649628,139
2026-05-11,20,sector_alpha,-0.16894439303033007,137
2026-05-12,20,sector_alpha,-0.21605542826767202,138
2026-05-13,20,sector_alpha,-0.10840503601512039,139
2026-05-14,20,sector_alpha,-0.10517102483315273,137
2026-05-15,20,sector_alpha,-0.2493731428237044,135
2026-05-18,20,sector_alpha,-0.25126012987387214,133
2026-05-19,20,sector_alpha,-0.26545443769724386,134
2026-05-20,20,sector_alpha,-0.291887412267719,135
2026-05-21,20,sector_alpha,-0.22905374912916032,135
2026-05-22,20,sector_alpha,-0.08041156282872047,134
2026-05-25,20,sector_alpha,0.010389513593161353,134
2026-05-26,20,sector_alpha,-0.013088443478863024,135
2026-05-27,20,sector_alpha,0.09392191431235129,136
2026-05-28,20,sector_alpha,0.027178022405328513,137
2026-05-29,20,sector_alpha,-0.01292052547410959,136
2026-06-01,20,sector_alpha,0.00011212420555449609,136
2026-06-02,20,sector_alpha,0.005668569259201951,135
2026-06-03,20,sector_alpha,-0.016683740848942058,135
2026-06-04,20,sector_alpha,-0.024425581997266927,135
2026-06-05,20,sector_alpha,0.013416892997570798,134
2026-06-08,20,sector_alpha,0.03733444934856846,133
2026-06-09,20,sector_alpha,0.04561965647374954,133
2026-06-10,20,sector_alpha,0.10829165690040811,131
2026-06-11,20,sector_alpha,0.10470070267606552,130
2026-06-12,20,sector_alpha,0.13050619491421914,129
2026-06-15,20,sector_alpha,0.17334079811408323,128
2026-06-16,20,sector_alpha,0.10895437476268822,128
2026-06-17,20,sector_alpha,-0.005013691943888858,127
2026-06-18,20,sector_alpha,0.12028154616154003,127
2026-06-19,20,sector_alpha,0.21605447180169765,128
2026-06-22,20,sector_alpha,0.17669403617226578,128
2026-06-23,20,sector_alpha,0.24471970960344927,129
2026-06-24,20,sector_alpha,0.22575288196936472,130
2026-06-25,20,sector_alpha,0.25080235186490085,129
2026-06-26,20,sector_alpha,0.23146373332771805,126
2026-06-29,20,sector_alpha,0.22730707853453133,129
2026-06-30,20,sector_alpha,0.11516602107126366,126
2026-07-01,20,sector_alpha,0.1351583032159196,126
2026-07-02,20,sector_alpha,0.11909721651653961,126
2026-07-03,20,sector_alpha,0.09117217625399336,128
2026-07-06,20,sector_alpha,0.039048969926005865,130
2026-07-07,20,sector_alpha,0.06732087774065806,131
2026-07-08,20,sector_alpha,0.1215592096209091,131
2026-07-09,20,sector_alpha,0.12766369249284915,132
2026-07-10,20,sector_alpha,0.08714457724635347,131
2026-07-13,20,sector_alpha,0.07639434994495073,131
2026-07-14,20,sector_alpha,0.1327821817905037,131
2026-07-15,20,sector_alpha,0.04437360311141156,129
2026-07-16,20,sector_alpha,0.04570162973106309,130
2026-07-17,20,sector_alpha,0.06378488186802729,130
2026-07-20,20,sector_alpha,-0.21467655568764327,132
2026-07-21,20,sector_alpha,-0.1671642580656807,133
2026-07-22,20,sector_alpha,-0.22188991609579758,132
2026-07-23,20,sector_alpha,-0.17709797727408072,129
2026-07-24,20,sector_alpha,-0.35492230210944875,128
2026-07-27,20,sector_alpha,-0.49244235518005003,129
2026-07-28,20,sector_alpha,-0.37773243782948207,129
2026-07-29,20,sector_alpha,-0.3717321579427196,129
2026-07-30,20,sector_alpha,-0.2429549750741879,130
2026-07-31,20,sector_alpha,-0.27279744055539207,129
2026-08-03,20,sector_alpha,-0.10542406227089038,128
2026-08-04,20,sector_alpha,-0.03320059104362759,128
2026-08-05,20,sector_alpha,-0.02215573989874471,129
2026-08-06,20,sector_alpha,-0.06952421555675518,130
2026-08-07,20,sector_alpha,-0.0007732198774880813,130
2026-08-10,20,sector_alpha,0.10620900871782027,129
2026-08-11,20,sector_alpha,0.11833892009509127,128
2026-08-12,20,sector_alpha,0.1644799880734364,130
2026-08-13,20,sector_alpha,0.08365827750946657,128
2026-08-14,20,sector_alpha,0.167879219459923,129
2026-08-17,20,sector_alpha,0.06419693324359646,129
2026-08-18,20,sector_alpha,0.06231231945777697,129
2026-08-19,20,sector_alpha,0.05137425099691259,129
2026-08-20,20,sector_alpha,0.06364979905009652,126
2026-08-21,20,sector_alpha,0.0476519806976945,127
2026-08-24,20,sector_alpha,-0.14650742411286005,127
2026-09-03,20,sector_alpha,0.04692215763369226,125
2026-09-04,20,sector_alpha,-0.004696734951845651,124
2026-09-07,20,sector_alpha,0.158855536290644,125
2026-09-08,20,sector_alpha,0.1492862921437071,126
2025-11-04,60,market_alpha,0.22019055678546873,147
2025-11-05,60,market_alpha,0.33240916583922187,146
2025-11-06,60,market_alpha,0.31055142582550926,146
2025-11-07,60,market_alpha,0.3751928830105495,145
2025-11-10,60,market_alpha,0.37537395685718783,145
2025-11-11,60,market_alpha,0.4002007557864903,145
2025-11-12,60,market_alpha,0.3658411498751603,146
2025-11-13,60,market_alpha,0.4439970083451425,145
2025-11-14,60,market_alpha,0.32693276649346553,145
2025-11-17,60,market_alpha,0.22151629664619743,145
2025-11-18,60,market_alpha,0.20241123682425644,145
2025-11-19,60,market_alpha,0.17873974446920995,145
2025-11-20,60,market_alpha,0.18857406960855236,144
2025-11-21,60,market_alpha,0.11274460551737028,144
2025-11-24,60,market_alpha,0.0827382711185528,143
2025-11-25,60,market_alpha,0.11955590109620677,142
2025-11-26,60,market_alpha,0.09566200500643886,142
2025-11-27,60,market_alpha,0.2279234101229906,142
2025-11-28,60,market_alpha,0.08800049456144465,142
2025-12-01,60,market_alpha,0.04116614581103643,141
2025-12-02,60,market_alpha,0.12072715573441972,139
2025-12-03,60,market_alpha,0.11508951406649613,137
2025-12-04,60,market_alpha,0.03459219295461757,138
2025-12-05,60,market_alpha,0.04283897540805819,138
2025-12-08,60,market_alpha,0.02934897599199292,139
2025-12-09,60,market_alpha,-0.02503774795845449,140
2025-12-10,60,market_alpha,0.10279252891100688,140
2025-12-11,60,market_alpha,-0.007106468598827004,141
2025-12-12,60,market_alpha,0.07311889090551268,140
2025-12-15,60,market_alpha,0.14480767969211258,140
2025-12-16,60,market_alpha,0.1649384443812731,140
2025-12-17,60,market_alpha,0.20556733944151676,140
2025-12-18,60,market_alpha,0.18987166642812842,136
2025-12-19,60,market_alpha,0.09080821664471024,138
2025-12-22,60,market_alpha,0.13090844094910406,139
2025-12-23,60,market_alpha,0.11534307939240482,138
2025-12-24,60,market_alpha,0.018345209582889065,138
2025-12-25,60,market_alpha,0.07053487644666875,139
2025-12-26,60,market_alpha,0.06007866870917516,142
2025-12-29,60,market_alpha,0.20670833511708545,141
2025-12-30,60,market_alpha,0.1729662958468603,143
2025-12-31,60,market_alpha,0.17937839804786163,141
2026-01-05,60,market_alpha,0.22083565221113916,141
2026-01-06,60,market_alpha,0.1471465304249242,142
2026-01-07,60,market_alpha,0.2256140622937147,142
2026-01-08,60,market_alpha,0.1167153633775336,144
2026-01-09,60,market_alpha,-0.016004550143155986,146
2026-01-12,60,market_alpha,-0.041893025258974384,147
2026-01-13,60,market_alpha,-0.0028168470978377183,146
2026-01-14,60,market_alpha,-0.09022097141544214,148
2026-01-15,60,market_alpha,-0.16145962042757458,150
2026-01-16,60,market_alpha,-0.07847579603469132,152
2026-01-19,60,market_alpha,-0.12004275394368272,153
2026-01-20,60,market_alpha,-0.09845142472781716,153
2026-01-21,60,market_alpha,-0.13006026231832685,155
2026-01-22,60,market_alpha,-0.042450065591989064,157
2026-01-23,60,market_alpha,-0.03632805958856108,157
2026-01-26,60,market_alpha,-0.040967608794799444,159
2026-01-27,60,market_alpha,-0.10238692857876074,159
2026-01-28,60,market_alpha,-0.16019668737060042,161
2026-01-29,60,market_alpha,-0.1974925235794801,161
2026-01-30,60,market_alpha,-0.26880612623755923,162
2026-02-02,60,market_alpha,-0.2974381497541113,163
2026-02-03,60,market_alpha,-0.3422448334912797,163
2026-02-04,60,market_alpha,-0.34647498799822934,163
2026-02-05,60,market_alpha,-0.2559624365439249,162
2026-02-06,60,market_alpha,-0.18158916451794554,162
2026-02-09,60,market_alpha,-0.17873114988153765,161
2026-02-10,60,market_alpha,-0.11876581550494593,161
2026-02-11,60,market_alpha,-0.07335931091058244,160
2026-02-12,60,market_alpha,-0.0517842493847416,160
2026-02-13,60,market_alpha,-0.025150783041850092,159
2026-02-23,60,market_alpha,-0.0648447838649528,157
2026-02-24,60,market_alpha,-0.11173165301198842,157
2026-02-25,60,market_alpha,-0.18999857754737556,156
2026-02-26,60,market_alpha,-0.16489491548369528,155
2026-02-27,60,market_alpha,-0.32346888780009797,156
2026-03-02,60,market_alpha,-0.49027785946155217,155
2026-03-03,60,market_alpha,-0.5044655964244804,158
2026-03-04,60,market_alpha,-0.48915877206155556,159
2026-03-05,60,market_alpha,-0.4235852218066186,159
2026-03-06,60,market_alpha,-0.43510296976497914,156
2026-03-09,60,market_alpha,-0.3006376139223535,159
2026-03-10,60,market_alpha,-0.3186249137336094,161
2026-03-11,60,market_alpha,-0.23667602101743493,159
2026-03-12,60,market_alpha,-0.278316660361327,157
2026-03-13,60,market_alpha,-0.33166293514596346,157
2026-03-16,60,market_alpha,-0.2609015188633023,157
2026-03-17,60,market_alpha,-0.16531980476187522,157
2026-03-18,60,market_alpha,-0.21517482469617552,158
2026-03-19,60,market_alpha,-0.23535514341655067,159
2026-03-20,60,market_alpha,-0.28627298781944116,159
2026-03-23,60,market_alpha,-0.26656018629090045,159
2026-03-24,60,market_alpha,-0.29586816336278965,159
2026-03-25,60,market_alpha,-0.24957005956422174,158
2026-03-26,60,market_alpha,-0.37132019185830956,157
2026-03-27,60,market_alpha,-0.3720440849473107,155
2026-03-30,60,market_alpha,-0.40855211620102316,151
2026-03-31,60,market_alpha,-0.31869989543394905,151
2026-04-01,60,market_alpha,-0.18305097043352078,149
2026-04-02,60,market_alpha,-0.18178957675132432,148
2026-04-03,60,market_alpha,-0.15397454128739615,145
2026-04-06,60,market_alpha,-0.05122127222234371,140
2026-04-07,60,market_alpha,-0.012096161580052726,139
2026-04-08,60,market_alpha,0.04471938011044993,141
2026-04-09,60,market_alpha,-0.12399503403399116,141
2026-04-10,60,market_alpha,-0.04387605316614277,139
2026-04-13,60,market_alpha,-0.1625910269334615,138
2026-04-14,60,market_alpha,-0.12427894039240575,137
2026-04-15,60,market_alpha,-0.06494691070660195,138
2026-04-16,60,market_alpha,-0.07373877295678984,139
2026-04-17,60,market_alpha,0.026008615599921285,140
2026-04-20,60,market_alpha,0.050501268296692374,138
2026-04-21,60,market_alpha,0.14100272576969478,139
2026-04-22,60,market_alpha,0.13850998228772607,140
2026-04-23,60,market_alpha,0.13807264219019924,140
2026-04-24,60,market_alpha,0.14706435459535108,140
2026-04-28,60,market_alpha,0.0915545824210197,139
2026-04-29,60,market_alpha,-0.03351803029625988,139
2026-05-04,60,market_alpha,0.034501094776352825,139
2026-05-05,60,market_alpha,0.08618347557978462,139
2026-05-06,60,market_alpha,0.10243864571941304,138
2026-05-07,60,market_alpha,0.07969078153626168,139
2026-05-08,60,market_alpha,0.1374324143169936,139
2026-05-11,60,market_alpha,0.0963139619541882,137
2026-05-12,60,market_alpha,0.06271618693620158,138
2026-05-13,60,market_alpha,0.0907591938871263,139
2026-05-14,60,market_alpha,0.18856758825396228,137
2026-05-15,60,market_alpha,-0.019661496439371772,135
2026-05-18,60,market_alpha,-0.09360761164402441,133
2026-05-19,60,market_alpha,0.023159889774186714,134
2026-05-20,60,market_alpha,0.007184664910740417,135
2026-05-21,60,market_alpha,0.19571749097649013,135
2026-05-22,60,market_alpha,0.23143680095761793,134
2026-05-25,60,market_alpha,0.27059439643885835,134
2026-05-26,60,market_alpha,0.1443273826943713,135
2026-05-27,60,market_alpha,0.1622155431515672,136
2026-05-28,60,market_alpha,0.16890996322362647,137
2026-05-29,60,market_alpha,0.18584991174085203,136
2026-06-01,60,market_alpha,0.18435666237297837,136
2026-06-02,60,market_alpha,0.193425031704224,135
2026-06-03,60,market_alpha,0.24115208272363672,135
2026-06-04,60,market_alpha,0.18935225831626185,135
2026-06-05,60,market_alpha,0.2088479906233245,134
2026-06-08,60,market_alpha,0.24904484266370389,133
2026-06-09,60,market_alpha,0.20254333255118798,133
2026-06-10,60,market_alpha,0.16611861421021726,131
2026-06-11,60,market_alpha,0.19939171434346795,131
2026-06-12,60,market_alpha,0.19001488481339363,130
2026-06-15,60,market_alpha,0.09002149491732092,129
2026-06-16,60,market_alpha,-0.010470706618962435,129
2026-06-17,60,market_alpha,-0.09149836839983783,128
2026-06-18,60,market_alpha,-0.026872367698223765,128
2026-06-19,60,market_alpha,0.0082904740608229,129
2026-06-22,60,market_alpha,0.06001788908765655,129
2026-06-23,60,market_alpha,0.12814474528291991,129
2026-06-24,60,market_alpha,0.15523814847942757,129
2026-06-25,60,market_alpha,0.10644814715743355,128
2026-06-26,60,market_alpha,0.15163660870041887,123
2026-06-29,60,market_alpha,0.10168725304259325,128
2026-07-06,60,market_alpha,-0.07657088550983902,129
2026-07-07,60,market_alpha,-0.05124119367056513,131
2026-07-08,60,market_alpha,-0.01053779069767442,129
2026-07-09,60,market_alpha,0.04031765743296478,132
2025-11-04,60,sector_alpha,0.006661804914824342,147
2025-11-05,60,sector_alpha,0.09284659441798014,146
2025-11-06,60,sector_alpha,0.09019289784902638,146
2025-11-07,60,sector_alpha,0.1191853558913495,145
2025-11-10,60,sector_alpha,0.11338104047905724,145
2025-11-11,60,sector_alpha,0.08285522428089617,145
2025-11-12,60,sector_alpha,0.0762841335646554,146
2025-11-13,60,sector_alpha,0.12238912033717161,145
2025-11-14,60,sector_alpha,0.07367426530656325,145
2025-11-17,60,sector_alpha,-0.023916381411636843,145
2025-11-18,60,sector_alpha,-0.04647454857026714,145
2025-11-19,60,sector_alpha,-0.0705011618633074,145
2025-11-20,60,sector_alpha,-0.0647108712549106,144
2025-11-21,60,sector_alpha,-0.056790823316537835,144
2025-11-24,60,sector_alpha,-0.047007494959085606,143
2025-11-25,60,sector_alpha,0.0011988887403000523,142
2025-11-26,60,sector_alpha,-0.02499850700272504,142
2025-11-27,60,sector_alpha,0.03941870723570469,142
2025-11-28,60,sector_alpha,-0.019512410361012984,142
2025-12-01,60,sector_alpha,-0.06048344099053139,141
2025-12-02,60,sector_alpha,-0.03842509866498067,139
2025-12-03,60,sector_alpha,-0.06257526737290925,137
2025-12-04,60,sector_alpha,-0.05663014043719865,138
2025-12-05,60,sector_alpha,-0.04821131346280442,138
2025-12-08,60,sector_alpha,-0.0636932433325546,139
2025-12-09,60,sector_alpha,-0.05977457446245093,140
2025-12-10,60,sector_alpha,-0.0023815355646877056,140
2025-12-11,60,sector_alpha,-0.039672889520627454,141
2025-12-12,60,sector_alpha,0.005594093640469377,140
2025-12-15,60,sector_alpha,0.040284909675952454,140
2025-12-16,60,sector_alpha,0.056734781592923,140
2025-12-17,60,sector_alpha,0.07503075170732988,140
2025-12-18,60,sector_alpha,0.06514091563962195,136
2025-12-19,60,sector_alpha,-0.01854505503827901,138
2025-12-22,60,sector_alpha,-0.04347962141330506,139
2025-12-23,60,sector_alpha,-0.0610530500790217,138
2025-12-24,60,sector_alpha,-0.10622289960640623,138
2025-12-25,60,sector_alpha,-0.06591884220847463,139
2025-12-26,60,sector_alpha,-0.05540198156636483,142
2025-12-29,60,sector_alpha,0.05633670195471789,141
2025-12-30,60,sector_alpha,0.036315578049243825,143
2025-12-31,60,sector_alpha,0.011540026440317317,141
2026-01-05,60,sector_alpha,0.028793458021392142,141
2026-01-06,60,sector_alpha,-0.02286272443914855,142
2026-01-07,60,sector_alpha,0.01063908959049487,142
2026-01-08,60,sector_alpha,-0.048868814832661894,144
2026-01-09,60,sector_alpha,-0.16882976706995556,146
2026-01-12,60,sector_alpha,-0.10941632606145954,147
2026-01-13,60,sector_alpha,-0.09673693639602636,146
2026-01-14,60,sector_alpha,-0.21839320950361277,148
2026-01-15,60,sector_alpha,-0.19321203815690338,150
2026-01-16,60,sector_alpha,-0.17949447668818833,152
2026-01-19,60,sector_alpha,-0.19351066190631042,153
2026-01-20,60,sector_alpha,-0.1374597054080458,153
2026-01-21,60,sector_alpha,-0.10399639084319412,155
2026-01-22,60,sector_alpha,-0.10152517422003202,157
2026-01-23,60,sector_alpha,-0.08122559613003019,157
2026-01-26,60,sector_alpha,-0.08195742426810103,159
2026-01-27,60,sector_alpha,-0.09748305655204001,159
2026-01-28,60,sector_alpha,-0.16884162592116683,161
2026-01-29,60,sector_alpha,-0.18037590669866113,161
2026-01-30,60,sector_alpha,-0.22493257101080896,162
2026-02-02,60,sector_alpha,-0.19472526199891335,163
2026-02-03,60,sector_alpha,-0.2557835354077974,163
2026-02-04,60,sector_alpha,-0.2435640129185883,163
2026-02-05,60,sector_alpha,-0.21636789407061396,162
2026-02-06,60,sector_alpha,-0.22344785490782793,162
2026-02-09,60,sector_alpha,-0.18105139112040944,161
2026-02-10,60,sector_alpha,-0.17482529613850611,161
2026-02-11,60,sector_alpha,-0.11938505555870378,160
2026-02-12,60,sector_alpha,-0.07142988005572896,160
2026-02-13,60,sector_alpha,-0.051957125577905064,159
2026-02-23,60,sector_alpha,-0.08781941862697336,157
2026-02-24,60,sector_alpha,-0.08999122531547708,157
2026-02-25,60,sector_alpha,-0.10528213090744266,156
2026-02-26,60,sector_alpha,-0.05382004557534316,155
2026-02-27,60,sector_alpha,-0.12541754790747417,156
2026-03-02,60,sector_alpha,-0.2571884458068343,155
2026-03-03,60,sector_alpha,-0.22846701682307882,158
2026-03-04,60,sector_alpha,-0.18482070954622912,159
2026-03-05,60,sector_alpha,-0.10624309599840098,159
2026-03-06,60,sector_alpha,-0.16556076841377726,156
2026-03-09,60,sector_alpha,-0.12934713003436288,159
2026-03-10,60,sector_alpha,-0.18337671531234778,161
2026-03-11,60,sector_alpha,-0.11033648866403181,159
2026-03-12,60,sector_alpha,-0.12192353548526677,157
2026-03-13,60,sector_alpha,-0.18345903915059372,157
2026-03-16,60,sector_alpha,-0.11804384013775522,157
2026-03-17,60,sector_alpha,-0.09128293593817322,157
2026-03-18,60,sector_alpha,-0.08493381467275132,158
2026-03-19,60,sector_alpha,-0.144522736673859,159
2026-03-20,60,sector_alpha,-0.185280507117715,159
2026-03-23,60,sector_alpha,-0.23231421584250173,159
2026-03-24,60,sector_alpha,-0.21577344606307441,159
2026-03-25,60,sector_alpha,-0.13338171213298436,158
2026-03-26,60,sector_alpha,-0.22478973451133416,157
2026-03-27,60,sector_alpha,-0.1880720648213274,155
2026-03-30,60,sector_alpha,-0.23553526116175802,151
2026-03-31,60,sector_alpha,-0.20380660340817167,151
2026-04-01,60,sector_alpha,-0.12933023804932603,149
2026-04-02,60,sector_alpha,-0.12972031474813717,148
2026-04-03,60,sector_alpha,-0.06510227134550853,145
2026-04-06,60,sector_alpha,-0.09792920790472241,140
2026-04-07,60,sector_alpha,-0.07774376170722372,139
2026-04-08,60,sector_alpha,-0.0951634685007837,141
2026-04-09,60,sector_alpha,-0.03789153765134246,141
2026-04-10,60,sector_alpha,-0.06586363530629231,139
2026-04-13,60,sector_alpha,-0.04731344149508021,138
2026-04-14,60,sector_alpha,-0.040753830475983105,137
2026-04-15,60,sector_alpha,-0.012007129588877114,138
2026-04-16,60,sector_alpha,-0.011081856446013724,139
2026-04-17,60,sector_alpha,0.05488506584121278,140
2026-04-20,60,sector_alpha,0.03785395069626683,138
2026-04-21,60,sector_alpha,0.08812735698939676,139
2026-04-22,60,sector_alpha,0.11643851294299944,140
2026-04-23,60,sector_alpha,0.04602913383826389,140
2026-04-24,60,sector_alpha,0.12890038625457645,140
2026-04-28,60,sector_alpha,0.11883379988075143,139
2026-04-29,60,sector_alpha,0.08165884296060215,139
2026-05-04,60,sector_alpha,0.10337999684167544,139
2026-05-05,60,sector_alpha,0.12595497669337746,139
2026-05-06,60,sector_alpha,0.10010826258024502,138
2026-05-07,60,sector_alpha,0.10970546149319194,139
2026-05-08,60,sector_alpha,0.11661206423990078,139
2026-05-11,60,sector_alpha,0.09883415077564744,137
2026-05-12,60,sector_alpha,0.06979166563075213,138
2026-05-13,60,sector_alpha,0.11232485198713574,139
2026-05-14,60,sector_alpha,0.13348396662431397,137
2026-05-15,60,sector_alpha,0.009478511248390182,135
2026-05-18,60,sector_alpha,-0.017978514257260114,133
2026-05-19,60,sector_alpha,0.041408038790234775,134
2026-05-20,60,sector_alpha,0.061920094326205134,135
2026-05-21,60,sector_alpha,0.161778846114293,135
2026-05-22,60,sector_alpha,0.1516739969132339,134
2026-05-25,60,sector_alpha,0.2018046374533302,134
2026-05-26,60,sector_alpha,0.1332552821724273,135
2026-05-27,60,sector_alpha,0.127998130315339,136
2026-05-28,60,sector_alpha,0.12524386969338575,137
2026-05-29,60,sector_alpha,0.09917743824504396,136
2026-06-01,60,sector_alpha,0.10868175388183358,136
2026-06-02,60,sector_alpha,0.1487243296086832,135
2026-06-03,60,sector_alpha,0.14389970396552426,135
2026-06-04,60,sector_alpha,0.04929996637994399,135
2026-06-05,60,sector_alpha,0.09948305638875511,134
2026-06-08,60,sector_alpha,0.1448790714749355,133
2026-06-09,60,sector_alpha,0.18317756270297217,133
2026-06-10,60,sector_alpha,0.14590496716789023,131
2026-06-11,60,sector_alpha,0.18644979747946813,131
2026-06-12,60,sector_alpha,0.17165114848426466,130
2026-06-15,60,sector_alpha,0.11296058308200893,129
2026-06-16,60,sector_alpha,0.018115739701317076,129
2026-06-17,60,sector_alpha,-0.052667127925178185,128
2026-06-18,60,sector_alpha,0.042355723424333094,128
2026-06-19,60,sector_alpha,0.08169407453433476,129
2026-06-22,60,sector_alpha,0.05416441310355319,129
2026-06-23,60,sector_alpha,0.11287012976180294,129
2026-06-24,60,sector_alpha,0.16750473395551538,129
2026-06-25,60,sector_alpha,0.13815120519343457,128
2026-06-26,60,sector_alpha,0.181637251212127,123
2026-06-29,60,sector_alpha,0.14472137483994424,128
2026-07-06,60,sector_alpha,0.11226059527190815,129
2026-07-07,60,sector_alpha,0.1447123276932246,131
2026-07-08,60,sector_alpha,0.16993150531122017,129
2026-07-09,60,sector_alpha,0.19388355653776412,132
