score,horizon,metric,mean_ic,median_ic,ic_positive_rate,ic_std,days
rs_score,5,market_alpha,-0.0165315876145828,-0.03678312090267171,0.4398148148148148,0.2263549947922608,216
rs_score,5,sector_alpha,-0.019890946862063146,-0.017491572039044466,0.4583333333333333,0.18242237955458857,216
rs_score,20,market_alpha,-0.008275211771233673,0.0351977199858272,0.5714285714285714,0.21710150517078383,203
rs_score,20,sector_alpha,-0.029729317873332505,0.006531106556967244,0.5320197044334976,0.17230742520830306,203
rs_score,60,market_alpha,-0.007445720894315099,0.03242881340413843,0.5460122699386503,0.18301058363671038,163
rs_score,60,sector_alpha,-0.02795969632782719,-0.038200969699380395,0.4233128834355828,0.13407299555716815,163
real_strength_score,5,market_alpha,-0.021655402036695984,-0.02120834859035097,0.47619047619047616,0.1981102696957349,147
real_strength_score,5,sector_alpha,-0.011519947629167257,-0.03157176549960356,0.46258503401360546,0.1951655678055674,147
real_strength_score,20,market_alpha,-0.06931895405939438,-0.05044902775965426,0.39552238805970147,0.2196271671634276,134
real_strength_score,20,sector_alpha,-0.052438730396344994,-0.03982703032942407,0.44029850746268656,0.20432110075228097,134
real_strength_score,60,market_alpha,-0.04878301643151788,-0.009891883369603945,0.4574468085106383,0.1761339417387562,94
real_strength_score,60,sector_alpha,-0.006711173547803777,0.014838140187089396,0.5212765957446809,0.15530726860044114,94
leadership_score,5,market_alpha,-0.006970766288303789,-0.020299818747411234,0.46296296296296297,0.2360128646038129,216
leadership_score,5,sector_alpha,-0.014481608281865547,-0.011405506933912964,0.4861111111111111,0.15876642227277754,216
leadership_score,20,market_alpha,0.004197286091172111,0.03987030411449017,0.5862068965517241,0.22522262914667915,203
leadership_score,20,sector_alpha,-0.019423434804635313,0.01596545687556173,0.5615763546798029,0.14776276407720904,203
leadership_score,60,market_alpha,0.007807648951954315,0.0458709705038743,0.5521472392638037,0.20347039606780543,163
leadership_score,60,sector_alpha,-0.020049246667234684,-0.0365856929072924,0.4294478527607362,0.12033390543496689,163
