horizon,metric,stage,mean,median,hit_rate,count
5,absolute,EMERGING,-0.0016208479596191156,-0.007636943994720979,0.3983957219251337,1122
5,absolute,FADING,-0.0025106914877690268,-0.004780879529454718,0.4317708333333333,1920
5,absolute,LEADER,0.002538190383775681,-0.0006993006993006867,0.46846846846846846,333
5,absolute,MATURE,-0.0149178859873133,-0.006663726061948039,0.38,50
5,absolute,NEUTRAL,-0.0030458647710020176,-0.00637420322459703,0.41732283464566927,2413
5,market_alpha,EMERGING,-0.003799899420657302,-0.013591225833711196,0.3894830659536542,1122
5,market_alpha,FADING,-0.005797524027936639,-0.009673665417940847,0.40625,1920
5,market_alpha,LEADER,0.0018570071480415373,-0.006353834788425772,0.46546546546546547,333
5,market_alpha,MATURE,-0.005314399827671084,0.0039322366872996395,0.52,50
5,market_alpha,NEUTRAL,-0.005147999269560897,-0.009583269614222734,0.4044757563199337,2413
5,sector_alpha,EMERGING,0.005030067785382275,0.0,0.428698752228164,1122
5,sector_alpha,FADING,0.00404238777596512,0.0,0.4588541666666667,1920
5,sector_alpha,LEADER,0.005304246284581379,0.0,0.46846846846846846,333
5,sector_alpha,MATURE,-0.0014139588325013741,0.0,0.48,50
5,sector_alpha,NEUTRAL,0.0027173977557273894,0.0,0.4384583506009117,2413
20,absolute,EMERGING,-0.005145296225891593,-0.019251606208127936,0.3776091081593928,1054
20,absolute,FADING,-0.010096699789788279,-0.016437238543924648,0.4010928961748634,1830
20,absolute,LEADER,-3.512067165249318e-06,-0.018654164280715202,0.41509433962264153,318
20,absolute,MATURE,-0.028876986479379873,-0.054739772373664675,0.36,50
20,absolute,NEUTRAL,-0.009464341991730114,-0.01985413290113447,0.3923110528615116,2289
20,market_alpha,EMERGING,-0.009913879125912984,-0.023070371667588907,0.396584440227704,1054
20,market_alpha,FADING,-0.021054680162032942,-0.030894139618629135,0.36120218579234975,1830
20,market_alpha,LEADER,0.0025686318498430536,-0.01661966064489473,0.4559748427672956,318
20,market_alpha,MATURE,-0.021935488621432925,-0.04693705788550906,0.38,50
20,market_alpha,NEUTRAL,-0.016511009699772407,-0.027985936369941733,0.3730886850152905,2289
20,sector_alpha,EMERGING,0.012632806418183191,0.0,0.47533206831119545,1054
20,sector_alpha,FADING,0.006719709768397113,0.0,0.46557377049180326,1830
20,sector_alpha,LEADER,0.01018398563235624,0.0,0.44339622641509435,318
20,sector_alpha,MATURE,-0.022335891004012474,-0.022212439871594325,0.32,50
20,sector_alpha,NEUTRAL,0.008098342797871349,0.0,0.45391000436872,2289
60,absolute,EMERGING,-0.03174670847301108,-0.06385323753809197,0.33640552995391704,868
60,absolute,FADING,-0.030381266620280165,-0.05518618820858423,0.33468286099865047,1482
60,absolute,LEADER,-0.05828210429363261,-0.08131566925536782,0.3088803088803089,259
60,absolute,MATURE,-0.07535030313812278,-0.09190348428981421,0.2619047619047619,42
60,absolute,NEUTRAL,-0.03305094243499543,-0.05668356997971602,0.34681769147788566,1854
60,market_alpha,EMERGING,-0.03596092333059677,-0.05838439410840368,0.3467741935483871,868
60,market_alpha,FADING,-0.041901915194983895,-0.06110107876331733,0.33265856950067474,1482
60,market_alpha,LEADER,-0.05751834605289767,-0.07473105974688599,0.36293436293436293,259
60,market_alpha,MATURE,-0.07762470060922548,-0.12027902207221774,0.2619047619047619,42
60,market_alpha,NEUTRAL,-0.043309066792066246,-0.061582575593016164,0.3441208198489752,1854
60,sector_alpha,EMERGING,0.020017300893973675,0.0,0.4596774193548387,868
60,sector_alpha,FADING,0.014783387539869372,0.0,0.45479082321187586,1482
60,sector_alpha,LEADER,0.0009797970972373687,-0.009420560747663731,0.4015444015444015,259
60,sector_alpha,MATURE,-0.04406992283036432,-0.0463418472705521,0.2857142857142857,42
60,sector_alpha,NEUTRAL,0.014114799683349548,0.0,0.4444444444444444,1854
