entry_date,ticker,sector,entry_price,entry_score,entry_reason,model_version,created_at,real_strength_med10,leadership_med10,long_med10,sector_med10,short_momentum_score,flow_score,trend_score,real_strength_score,residual_mom_60,residual_mom_120,rs_persistence_count,path_quality_60,return_concentration_60,rs_60,rs_120,rs_sector_60,sector_rs_60,weekly_ret12,medium_trend_confirm,weekly_trend_confirm,ret_5,ma20_distance,volume_ratio_20,macd,macd_hist,ma20,ma50,stage
2025-11-24,AAA,Hóa chất,8.0,86.4413145539906,MA20/MA50 cross,v2-causal-2026-09-20,2026-09-20T08:10:29.869407+00:00,,,,,,,,,,,,,,,,,,,,,,,,,,,,
2026-09-15,AAA,Hóa chất,7.44,81.9340277777778,SM ngắn hạn vượt 80,v2-causal-2026-09-20,2026-09-20T08:10:29.869407+00:00,,,,,,,,,,,,,,,,,,,,,,,,,,,,
2026-07-06,AAS,Dịch vụ tài chính,9.0,81.7863372093023,SM ngắn hạn vượt 80,v2-causal-2026-09-20,2026-09-20T08:10:29.869407+00:00,,,,,,,,,,,,,,,,,,,,,,,,,,,,
2025-10-23,ABB,Ngân hàng,10.61,90.697695035461,BB squeeze breakout,v2-causal-2026-09-20,2026-09-20T08:10:29.869407+00:00,,,,,,,,,,,,,,,,,,,,,,,,,,,,
2025-12-03,ABB,Ngân hàng,12.12,85.1260644768856,SM ngắn hạn vượt 80,v2-causal-2026-09-20,2026-09-20T08:10:29.869407+00:00,,,,,,,,,,,,,,,,,,,,,,,,,,,,
2026-04-06,ABB,Ngân hàng,12.68,79.3758243405276,MA20/MA50 cross,v2-causal-2026-09-20,2026-09-20T08:10:29.869407+00:00,,,,,,,,,,,,,,,,,,,,,,,,,,,,
2026-04-20,ABB,Ngân hàng,13.03,70.8179347826087,MACD turn dương,v2-causal-2026-09-20,2026-09-20T08:10:29.869407+00:00,,,,,,,,,,,,,,,,,,,,,,,,,,,,
2026-05-27,ABB,Ngân hàng,13.55,85.9584888059701,BB squeeze breakout,v2-causal-2026-09-20,2026-09-20T08:10:29.869407+00:00,,,,,,,,,,,,,,,,,,,,,,,,,,,,
2026-09-15,ABB,Ngân hàng,17.4,71.9089781746032,MACD turn dương,v2-causal-2026-09-20,2026-09-20T08:10:29.869407+00:00,,,,,,,,,,,,,,,,,,,,,,,,,,,,
2026-06-03,ACB,Ngân hàng,22.42,93.0200501253133,MA20/MA50 cross,v2-causal-2026-09-20,2026-09-20T08:10:29.869407+00:00,,,,,,,,,,,,,,,,,,,,,,,,,,,,
2026-07-16,ACB,Ngân hàng,23.75,93.9210611979167,BB squeeze breakout,v2-causal-2026-09-20,2026-09-20T08:10:29.869407+00:00,,,,,,,,,,,,,,,,,,,,,,,,,,,,
2026-01-20,ACV,Hàng & Dịch vụ Công nghiệp,61.4,76.3650056306306,MA20/MA50 cross,v2-causal-2026-09-20,2026-09-20T08:10:29.869407+00:00,,,,,,,,,,,,,,,,,,,,,,,,,,,,
2026-01-12,AGR,Dịch vụ tài chính,17.75,74.9066840277778,SM ngắn hạn vượt 80,v2-causal-2026-09-20,2026-09-20T08:10:29.869407+00:00,,,,,,,,,,,,,,,,,,,,,,,,,,,,
2026-07-07,AGR,Dịch vụ tài chính,16.0,89.5602564102564,SM ngắn hạn vượt 80,v2-causal-2026-09-20,2026-09-20T08:10:29.869407+00:00,,,,,,,,,,,,,,,,,,,,,,,,,,,,
2025-12-15,BAF,Thực phẩm và đồ uống,29.61,92.0323581560284,MA20/MA50 cross,v2-causal-2026-09-20,2026-09-20T08:10:29.869407+00:00,,,,,,,,,,,,,,,,,,,,,,,,,,,,
2026-08-03,BAF,Thực phẩm và đồ uống,30.55,80.7798556430446,BB squeeze breakout,v2-causal-2026-09-20,2026-09-20T08:10:29.869407+00:00,,,,,,,,,,,,,,,,,,,,,,,,,,,,
2025-11-11,BFC,Hóa chất,42.92,79.3691724941725,SM ngắn hạn vượt 80,v2-causal-2026-09-20,2026-09-20T08:10:29.869407+00:00,,,,,,,,,,,,,,,,,,,,,,,,,,,,
2026-01-16,BFC,Hóa chất,45.86,67.5807823129252,MACD turn dương,v2-causal-2026-09-20,2026-09-20T08:10:29.869407+00:00,,,,,,,,,,,,,,,,,,,,,,,,,,,,
2026-02-03,BFC,Hóa chất,45.86,68.4807795698925,MACD turn dương,v2-causal-2026-09-20,2026-09-20T08:10:29.869407+00:00,,,,,,,,,,,,,,,,,,,,,,,,,,,,
2026-05-08,BFC,Hóa chất,60.9,85.0797101449275,MA20/MA50 cross,v2-causal-2026-09-20,2026-09-20T08:10:29.869407+00:00,,,,,,,,,,,,,,,,,,,,,,,,,,,,
2025-12-30,BID,Ngân hàng,36.45,83.1165780141844,BB squeeze breakout,v2-causal-2026-09-20,2026-09-20T08:10:29.869407+00:00,,,,,,,,,,,,,,,,,,,,,,,,,,,,
2026-05-18,BID,Ngân hàng,41.91,81.4000946969697,BB squeeze breakout,v2-causal-2026-09-20,2026-09-20T08:10:29.869407+00:00,,,,,,,,,,,,,,,,,,,,,,,,,,,,
2025-12-11,BMP,Xây dựng và Vật liệu,160.47,81.9210992907801,SM ngắn hạn vượt 80,v2-causal-2026-09-20,2026-09-20T08:10:29.869407+00:00,,,,,,,,,,,,,,,,,,,,,,,,,,,,
2026-05-11,BMP,Xây dựng và Vật liệu,149.41,79.8579963235294,SM ngắn hạn vượt 80,v2-causal-2026-09-20,2026-09-20T08:10:29.869407+00:00,,,,,,,,,,,,,,,,,,,,,,,,,,,,
2026-06-30,BMP,Xây dựng và Vật liệu,152.9,75.1885,MA20/MA50 cross,v2-causal-2026-09-20,2026-09-20T08:10:29.869407+00:00,,,,,,,,,,,,,,,,,,,,,,,,,,,,
2026-06-24,BSI,Dịch vụ tài chính,34.6,83.8396317829457,MA20/MA50 cross,v2-causal-2026-09-20,2026-09-20T08:10:29.869407+00:00,,,,,,,,,,,,,,,,,,,,,,,,,,,,
2026-01-27,BSR,Dầu khí,21.26,90.2279411764706,SM ngắn hạn vượt 80,v2-causal-2026-09-20,2026-09-20T08:10:29.869407+00:00,,,,,,,,,,,,,,,,,,,,,,,,,,,,
2026-02-23,BSR,Dầu khí,25.91,80.7706953642384,MACD turn dương,v2-causal-2026-09-20,2026-09-20T08:10:29.869407+00:00,,,,,,,,,,,,,,,,,,,,,,,,,,,,
2026-08-19,BSR,Dầu khí,26.7,79.7177734375,MA20/MA50 cross,v2-causal-2026-09-20,2026-09-20T08:10:29.869407+00:00,,,,,,,,,,,,,,,,,,,,,,,,,,,,
2026-09-11,BSR,Dầu khí,27.55,90.1428571428572,SM ngắn hạn vượt 80,v2-causal-2026-09-20,2026-09-20T08:10:29.869407+00:00,,,,,,,,,,,,,,,,,,,,,,,,,,,,
2026-06-18,BVB,Ngân hàng,13.2,88.5808727034121,MA20/MA50 cross,v2-causal-2026-09-20,2026-09-20T08:10:29.869407+00:00,,,,,,,,,,,,,,,,,,,,,,,,,,,,
2025-12-08,BVH,Bảo hiểm,55.6,80.6969424460432,SM ngắn hạn vượt 80,v2-causal-2026-09-20,2026-09-20T08:10:29.869407+00:00,,,,,,,,,,,,,,,,,,,,,,,,,,,,
2025-12-22,BVH,Bảo hiểm,56.0,83.9655797101449,BB squeeze breakout,v2-causal-2026-09-20,2026-09-20T08:10:29.869407+00:00,,,,,,,,,,,,,,,,,,,,,,,,,,,,
2026-02-03,BVH,Bảo hiểm,79.8,86.7009408602151,MACD turn dương,v2-causal-2026-09-20,2026-09-20T08:10:29.869407+00:00,,,,,,,,,,,,,,,,,,,,,,,,,,,,
2026-03-24,BVH,Bảo hiểm,80.3,90.4301948051948,SM ngắn hạn vượt 80,v2-causal-2026-09-20,2026-09-20T08:10:29.869407+00:00,,,,,,,,,,,,,,,,,,,,,,,,,,,,
2026-08-19,BVH,Bảo hiểm,66.8,72.9823404947917,MA20/MA50 cross,v2-causal-2026-09-20,2026-09-20T08:10:29.869407+00:00,,,,,,,,,,,,,,,,,,,,,,,,,,,,
2026-09-14,BVH,Bảo hiểm,68.0,85.3572834645669,SM ngắn hạn vượt 80,v2-causal-2026-09-20,2026-09-20T08:10:29.869407+00:00,,,,,,,,,,,,,,,,,,,,,,,,,,,,
2026-07-02,BVS,Dịch vụ tài chính,30.2,89.8425,SM ngắn hạn vượt 80,v2-causal-2026-09-20,2026-09-20T08:10:29.869407+00:00,,,,,,,,,,,,,,,,,,,,,,,,,,,,
2026-04-22,CDC,Xây dựng và Vật liệu,18.6,81.2440476190476,SM ngắn hạn vượt 80,v2-causal-2026-09-20,2026-09-20T08:10:29.869407+00:00,,,,,,,,,,,,,,,,,,,,,,,,,,,,
2025-12-08,CII,Xây dựng và Vật liệu,26.55,76.3180455635492,MA20/MA50 cross,v2-causal-2026-09-20,2026-09-20T08:10:29.869407+00:00,,,,,,,,,,,,,,,,,,,,,,,,,,,,
2026-04-13,CII,Xây dựng và Vật liệu,19.8,85.3061594202899,SM ngắn hạn vượt 80,v2-causal-2026-09-20,2026-09-20T08:10:29.869407+00:00,,,,,,,,,,,,,,,,,,,,,,,,,,,,
2026-03-02,CSV,Hóa chất,33.85,82.8250838926175,SM ngắn hạn vượt 80,v2-causal-2026-09-20,2026-09-20T08:10:29.869407+00:00,,,,,,,,,,,,,,,,,,,,,,,,,,,,
2026-03-25,CTD,Xây dựng và Vật liệu,80.09,75.0036764705882,SM ngắn hạn vượt 80,v2-causal-2026-09-20,2026-09-20T08:10:29.869407+00:00,,,,,,,,,,,,,,,,,,,,,,,,,,,,
2026-04-20,CTD,Xây dựng và Vật liệu,83.0,76.3944746376812,MA20/MA50 cross,v2-causal-2026-09-20,2026-09-20T08:10:29.869407+00:00,,,,,,,,,,,,,,,,,,,,,,,,,,,,
2025-12-22,CTG,Ngân hàng,34.62,72.4370471014493,MA20/MA50 cross,v2-causal-2026-09-20,2026-09-20T08:10:29.869407+00:00,,,,,,,,,,,,,,,,,,,,,,,,,,,,
2026-05-08,CTG,Ngân hàng,35.65,83.401268115942,MA20/MA50 cross,v2-causal-2026-09-20,2026-09-20T08:10:29.869407+00:00,,,,,,,,,,,,,,,,,,,,,,,,,,,,
2026-06-15,CTS,Dịch vụ tài chính,22.95,89.9304461942257,BB squeeze breakout,v2-causal-2026-09-20,2026-09-20T08:10:29.869407+00:00,,,,,,,,,,,,,,,,,,,,,,,,,,,,
2025-12-05,DBC,Thực phẩm và đồ uống,24.64,82.3899456521739,MA20/MA50 cross,v2-causal-2026-09-20,2026-09-20T08:10:29.869407+00:00,,,,,,,,,,,,,,,,,,,,,,,,,,,,
2025-12-16,DBC,Thực phẩm và đồ uống,24.64,76.7240691489362,MACD turn dương,v2-causal-2026-09-20,2026-09-20T08:10:29.869407+00:00,,,,,,,,,,,,,,,,,,,,,,,,,,,,
2025-10-31,DCL,Y tế,32.95,99.6225058685446,BB squeeze breakout,v2-causal-2026-09-20,2026-09-20T08:10:29.869407+00:00,,,,,,,,,,,,,,,,,,,,,,,,,,,,
2025-11-27,DCL,Y tế,38.5,95.1866134751773,MACD turn dương,v2-causal-2026-09-20,2026-09-20T08:10:29.869407+00:00,,,,,,,,,,,,,,,,,,,,,,,,,,,,
2025-12-23,DCL,Y tế,45.5,89.6440217391304,MACD turn dương,v2-causal-2026-09-20,2026-09-20T08:10:29.869407+00:00,,,,,,,,,,,,,,,,,,,,,,,,,,,,
2026-01-09,DCL,Y tế,46.65,89.1147300469484,SM ngắn hạn vượt 80,v2-causal-2026-09-20,2026-09-20T08:10:29.869407+00:00,,,,,,,,,,,,,,,,,,,,,,,,,,,,
2026-04-01,DCL,Y tế,59.9,101.559098639456,BB squeeze breakout,v2-causal-2026-09-20,2026-09-20T08:10:29.869407+00:00,,,,,,,,,,,,,,,,,,,,,,,,,,,,
2026-04-01,DCL,Y tế,59.9,88.17711975912283,Squeeze breakout + HTF confirm,v4-residual-strength-2026-09-21,,74.31131241288429,77.20327446651949,93.63082803680163,82.77777777777777,90.85616438356168,90.27397260273972,91.21575342465752,76.77810581010863,0.06751567603109486,0.2690061584198793,3.0,0.21135468194784635,0.371978651385487,0.476440947807345,0.9956178118549099,0.19300638686605232,0.2834345609412927,0.33333333333333326,True,True,0.05457746478873249,0.06659544159544173,2.6880823092312087,0.7904958852693298,0.08994339985495836,56.15999999999999,55.192,LEADER
2026-07-17,DCL,Y tế,38.3,87.384765625,SM ngắn hạn vượt 80,v2-causal-2026-09-20,2026-09-20T08:10:29.869407+00:00,,,,,,,,,,,,,,,,,,,,,,,,,,,,
2026-08-04,DCL,Y tế,41.9,94.569717847769,BB squeeze breakout,v2-causal-2026-09-20,2026-09-20T08:10:29.869407+00:00,,,,,,,,,,,,,,,,,,,,,,,,,,,,
2026-09-17,DCL,Y tế,42.45,98.0568033854167,BB squeeze breakout,v2-causal-2026-09-20,2026-09-20T08:10:29.869407+00:00,,,,,,,,,,,,,,,,,,,,,,,,,,,,
2026-01-22,DCM,Hóa chất,35.88,81.6380208333333,SM ngắn hạn vượt 80,v2-causal-2026-09-20,2026-09-20T08:10:29.869407+00:00,,,,,,,,,,,,,,,,,,,,,,,,,,,,
2026-02-24,DDV,Hóa chất,28.78,77.896523178808,SM ngắn hạn vượt 80,v2-causal-2026-09-20,2026-09-20T08:10:29.869407+00:00,,,,,,,,,,,,,,,,,,,,,,,,,,,,
2025-11-25,DGW,Bán lẻ,42.71,78.2358156028369,MA20/MA50 cross,v2-causal-2026-09-20,2026-09-20T08:10:29.869407+00:00,,,,,,,,,,,,,,,,,,,,,,,,,,,,
2026-01-20,DGW,Bán lẻ,45.79,84.8810529279279,MA20/MA50 cross,v2-causal-2026-09-20,2026-09-20T08:10:29.869407+00:00,,,,,,,,,,,,,,,,,,,,,,,,,,,,
2026-01-29,DGW,Bán lẻ,45.94,85.4292478354978,SM ngắn hạn vượt 80,v2-causal-2026-09-20,2026-09-20T08:10:29.869407+00:00,,,,,,,,,,,,,,,,,,,,,,,,,,,,
2026-08-20,DGW,Bán lẻ,42.7,83.1240079365079,MA20/MA50 cross,v2-causal-2026-09-20,2026-09-20T08:10:29.869407+00:00,,,,,,,,,,,,,,,,,,,,,,,,,,,,
2026-09-11,DGW,Bán lẻ,44.4,83.4593253968254,MACD turn dương,v2-causal-2026-09-20,2026-09-20T08:10:29.869407+00:00,,,,,,,,,,,,,,,,,,,,,,,,,,,,
2026-01-30,DHC,Tài nguyên Cơ bản,32.42,84.2701569264069,BB squeeze breakout,v2-causal-2026-09-20,2026-09-20T08:10:29.869407+00:00,,,,,,,,,,,,,,,,,,,,,,,,,,,,
2026-08-17,DHC,Tài nguyên Cơ bản,34.5,77.64404296875,MA20/MA50 cross,v2-causal-2026-09-20,2026-09-20T08:10:29.869407+00:00,,,,,,,,,,,,,,,,,,,,,,,,,,,,
2026-05-04,DPG,Xây dựng và Vật liệu,44.03,75.2531702898551,MA20/MA50 cross,v2-causal-2026-09-20,2026-09-20T08:10:29.869407+00:00,,,,,,,,,,,,,,,,,,,,,,,,,,,,
2026-01-22,DPM,Hóa chất,24.2,88.0746984649123,BB squeeze breakout,v2-causal-2026-09-20,2026-09-20T08:10:29.869407+00:00,,,,,,,,,,,,,,,,,,,,,,,,,,,,
2026-02-05,DPM,Hóa chất,23.41,74.7190205627706,SM ngắn hạn vượt 80,v2-causal-2026-09-20,2026-09-20T08:10:29.869407+00:00,,,,,,,,,,,,,,,,,,,,,,,,,,,,
2026-09-03,DPM,Hóa chất,23.3,83.8433333333333,BB squeeze breakout,v2-causal-2026-09-20,2026-09-20T08:10:29.869407+00:00,,,,,,,,,,,,,,,,,,,,,,,,,,,,
2026-09-15,DPM,Hóa chất,23.05,74.3219246031746,MACD turn dương,v2-causal-2026-09-20,2026-09-20T08:10:29.869407+00:00,,,,,,,,,,,,,,,,,,,,,,,,,,,,
2025-11-17,DPR,Hóa chất,38.9,82.4238556338028,MA20/MA50 cross,v2-causal-2026-09-20,2026-09-20T08:10:29.869407+00:00,,,,,,,,,,,,,,,,,,,,,,,,,,,,
2026-01-13,DPR,Hóa chất,41.55,78.5134548611111,BB squeeze breakout,v2-causal-2026-09-20,2026-09-20T08:10:29.869407+00:00,,,,,,,,,,,,,,,,,,,,,,,,,,,,
2026-01-26,DPR,Hóa chất,41.7,77.4121732026144,SM ngắn hạn vượt 80,v2-causal-2026-09-20,2026-09-20T08:10:29.869407+00:00,,,,,,,,,,,,,,,,,,,,,,,,,,,,
2026-02-03,DPR,Hóa chất,44.45,74.080376344086,MACD turn dương,v2-causal-2026-09-20,2026-09-20T08:10:29.869407+00:00,,,,,,,,,,,,,,,,,,,,,,,,,,,,
2026-02-25,DPR,Hóa chất,42.85,69.3254166666667,MACD turn dương,v2-causal-2026-09-20,2026-09-20T08:10:29.869407+00:00,,,,,,,,,,,,,,,,,,,,,,,,,,,,
2026-05-13,DPR,Hóa chất,43.0,88.7961956521739,BB squeeze breakout,v2-causal-2026-09-20,2026-09-20T08:10:29.869407+00:00,,,,,,,,,,,,,,,,,,,,,,,,,,,,
2026-05-13,DRI,Hóa chất,14.9,91.875,SM ngắn hạn vượt 80,v2-causal-2026-09-20,2026-09-20T08:10:29.869407+00:00,,,,,,,,,,,,,,,,,,,,,,,,,,,,
2026-09-16,DRI,Hóa chất,14.9,86.3330853174603,SM ngắn hạn vượt 80,v2-causal-2026-09-20,2026-09-20T08:10:29.869407+00:00,,,,,,,,,,,,,,,,,,,,,,,,,,,,
2026-07-08,DSE,Dịch vụ tài chính,23.35,87.3221153846154,MA20/MA50 cross,v2-causal-2026-09-20,2026-09-20T08:10:29.869407+00:00,,,,,,,,,,,,,,,,,,,,,,,,,,,,
2026-05-06,DXG,Bất động sản,13.88,71.5095108695652,SM ngắn hạn vượt 80,v2-causal-2026-09-20,2026-09-20T08:10:29.869407+00:00,,,,,,,,,,,,,,,,,,,,,,,,,,,,
2026-05-04,DXS,Bất động sản,7.87,78.2192028985507,SM ngắn hạn vượt 80,v2-causal-2026-09-20,2026-09-20T08:10:29.869407+00:00,,,,,,,,,,,,,,,,,,,,,,,,,,,,
2025-12-12,ELC,Công nghệ Thông tin,21.46,90.7030141843972,MA20/MA50 cross,v2-causal-2026-09-20,2026-09-20T08:10:29.869407+00:00,,,,,,,,,,,,,,,,,,,,,,,,,,,,
2026-01-16,ELC,Công nghệ Thông tin,25.02,86.0952380952381,BB squeeze breakout,v2-causal-2026-09-20,2026-09-20T08:10:29.869407+00:00,,,,,,,,,,,,,,,,,,,,,,,,,,,,
2026-02-24,EVF,Dịch vụ tài chính,13.15,76.7283388520971,BB squeeze breakout,v2-causal-2026-09-20,2026-09-20T08:10:29.869407+00:00,,,,,,,,,,,,,,,,,,,,,,,,,,,,
2026-06-17,EVF,Dịch vụ tài chính,14.15,83.1884022309711,BB squeeze breakout,v2-causal-2026-09-20,2026-09-20T08:10:29.869407+00:00,,,,,,,,,,,,,,,,,,,,,,,,,,,,
2026-06-10,F88,Dịch vụ tài chính,82.5,82.6739341085271,SM ngắn hạn vượt 80,v2-causal-2026-09-20,2026-09-20T08:10:29.869407+00:00,,,,,,,,,,,,,,,,,,,,,,,,,,,,
2026-01-21,FPT,Công nghệ Thông tin,103.57,78.52375,SM ngắn hạn vượt 80,v2-causal-2026-09-20,2026-09-20T08:10:29.869407+00:00,,,,,,,,,,,,,,,,,,,,,,,,,,,,
2026-01-29,FPT,Công nghệ Thông tin,104.66,78.8547077922078,SM ngắn hạn vượt 80,v2-causal-2026-09-20,2026-09-20T08:10:29.869407+00:00,,,,,,,,,,,,,,,,,,,,,,,,,,,,
2026-09-10,FPT,Công nghệ Thông tin,74.5,76.3705357142857,SM ngắn hạn vượt 80,v2-causal-2026-09-20,2026-09-20T08:10:29.869407+00:00,,,,,,,,,,,,,,,,,,,,,,,,,,,,
2025-11-18,FRT,Bán lẻ,141.43,77.774647887324,MACD turn dương,v2-causal-2026-09-20,2026-09-20T08:10:29.869407+00:00,,,,,,,,,,,,,,,,,,,,,,,,,,,,
2025-12-03,FRT,Bán lẻ,147.72,96.9917883211679,BB squeeze breakout,v2-causal-2026-09-20,2026-09-20T08:10:29.869407+00:00,,,,,,,,,,,,,,,,,,,,,,,,,,,,
2026-01-16,FRT,Bán lẻ,147.62,68.8307823129252,MACD turn dương,v2-causal-2026-09-20,2026-09-20T08:10:29.869407+00:00,,,,,,,,,,,,,,,,,,,,,,,,,,,,
2026-01-27,FRT,Bán lẻ,147.34,76.2287581699346,SM ngắn hạn vượt 80,v2-causal-2026-09-20,2026-09-20T08:10:29.869407+00:00,,,,,,,,,,,,,,,,,,,,,,,,,,,,
2026-02-23,FRT,Bán lẻ,163.72,79.1993653421634,MACD turn dương,v2-causal-2026-09-20,2026-09-20T08:10:29.869407+00:00,,,,,,,,,,,,,,,,,,,,,,,,,,,,
2026-08-14,FRT,Bán lẻ,142.9,91.0159505208333,SM ngắn hạn vượt 80,v2-causal-2026-09-20,2026-09-20T08:10:29.869407+00:00,,,,,,,,,,,,,,,,,,,,,,,,,,,,
2026-06-19,FTS,Dịch vụ tài chính,26.95,93.0167643229167,BB squeeze breakout,v2-causal-2026-09-20,2026-09-20T08:10:29.869407+00:00,,,,,,,,,,,,,,,,,,,,,,,,,,,,
2025-11-28,GAS,"Điện, nước & xăng dầu khí đốt",63.4,77.2610815602837,MACD turn dương,v2-causal-2026-09-20,2026-09-20T08:10:29.869407+00:00,,,,,,,,,,,,,,,,,,,,,,,,,,,,
2025-12-22,GAS,"Điện, nước & xăng dầu khí đốt",65.3,77.888134057971,MACD turn dương,v2-causal-2026-09-20,2026-09-20T08:10:29.869407+00:00,,,,,,,,,,,,,,,,,,,,,,,,,,,,
2025-11-26,GEE,Hàng & Dịch vụ Công nghiệp,107.99,80.1755319148936,SM ngắn hạn vượt 80,v2-causal-2026-09-20,2026-09-20T08:10:29.869407+00:00,,,,,,,,,,,,,,,,,,,,,,,,,,,,
2026-03-06,GEG,"Điện, nước & xăng dầu khí đốt",14.62,81.062774122807,SM ngắn hạn vượt 80,v2-causal-2026-09-20,2026-09-20T08:10:29.869407+00:00,,,,,,,,,,,,,,,,,,,,,,,,,,,,
2026-03-12,GEG,"Điện, nước & xăng dầu khí đốt",15.71,87.4142156862745,SM ngắn hạn vượt 80,v2-causal-2026-09-20,2026-09-20T08:10:29.869407+00:00,,,,,,,,,,,,,,,,,,,,,,,,,,,,
2026-04-22,GEX,Hàng & Dịch vụ Công nghiệp,28.24,77.9900297619048,SM ngắn hạn vượt 80,v2-causal-2026-09-20,2026-09-20T08:10:29.869407+00:00,,,,,,,,,,,,,,,,,,,,,,,,,,,,
2026-05-06,GEX,Hàng & Dịch vụ Công nghiệp,29.35,85.884963768116,MACD turn dương,v2-causal-2026-09-20,2026-09-20T08:10:29.869407+00:00,,,,,,,,,,,,,,,,,,,,,,,,,,,,
2026-01-20,GMD,Hàng & Dịch vụ Công nghiệp,66.27,82.138231981982,BB squeeze breakout,v2-causal-2026-09-20,2026-09-20T08:10:29.869407+00:00,,,,,,,,,,,,,,,,,,,,,,,,,,,,
2026-02-03,GMD,Hàng & Dịch vụ Công nghiệp,70.84,80.3364247311828,SM ngắn hạn vượt 80,v2-causal-2026-09-20,2026-09-20T08:10:29.869407+00:00,,,,,,,,,,,,,,,,,,,,,,,,,,,,
2026-05-13,GMD,Hàng & Dịch vụ Công nghiệp,79.3,84.3976449275362,MA20/MA50 cross,v2-causal-2026-09-20,2026-09-20T08:10:29.869407+00:00,,,,,,,,,,,,,,,,,,,,,,,,,,,,
2026-06-15,GMD,Hàng & Dịch vụ Công nghiệp,79.6,83.2168635170604,BB squeeze breakout,v2-causal-2026-09-20,2026-09-20T08:10:29.869407+00:00,,,,,,,,,,,,,,,,,,,,,,,,,,,,
2026-08-19,GMD,Hàng & Dịch vụ Công nghiệp,78.6,88.4817708333333,MA20/MA50 cross,v2-causal-2026-09-20,2026-09-20T08:10:29.869407+00:00,,,,,,,,,,,,,,,,,,,,,,,,,,,,
2026-03-02,GVR,Hóa chất,42.8,80.7730704697987,MACD turn dương,v2-causal-2026-09-20,2026-09-20T08:10:29.869407+00:00,,,,,,,,,,,,,,,,,,,,,,,,,,,,
2026-05-13,GVR,Hóa chất,36.8,80.9719202898551,MA20/MA50 cross,v2-causal-2026-09-20,2026-09-20T08:10:29.869407+00:00,,,,,,,,,,,,,,,,,,,,,,,,,,,,
2025-10-30,HAG,Thực phẩm và đồ uống,17.1,68.0390258215962,MACD turn dương,v2-causal-2026-09-20,2026-09-20T08:10:29.869407+00:00,,,,,,,,,,,,,,,,,,,,,,,,,,,,
2025-11-14,HAG,Thực phẩm và đồ uống,17.65,82.9474765258216,SM ngắn hạn vượt 80,v2-causal-2026-09-20,2026-09-20T08:10:29.869407+00:00,,,,,,,,,,,,,,,,,,,,,,,,,,,,
2026-04-16,HAG,Thực phẩm và đồ uống,16.7,70.0314748201439,MA20/MA50 cross,v2-causal-2026-09-20,2026-09-20T08:10:29.869407+00:00,,,,,,,,,,,,,,,,,,,,,,,,,,,,
2025-10-31,HAH,Hàng & Dịch vụ Công nghiệp,58.98,73.8667840375587,MA20/MA50 cross,v2-causal-2026-09-20,2026-09-20T08:10:29.869407+00:00,,,,,,,,,,,,,,,,,,,,,,,,,,,,
2026-02-27,HAH,Hàng & Dịch vụ Công nghiệp,60.33,75.3141666666667,MA20/MA50 cross,v2-causal-2026-09-20,2026-09-20T08:10:29.869407+00:00,,,,,,,,,,,,,,,,,,,,,,,,,,,,
2026-05-18,HCM,Dịch vụ tài chính,25.54,75.5861742424242,SM ngắn hạn vượt 80,v2-causal-2026-09-20,2026-09-20T08:10:29.869407+00:00,,,,,,,,,,,,,,,,,,,,,,,,,,,,
2026-07-21,HCM,Dịch vụ tài chính,25.75,75.138358778626,MA20/MA50 cross,v2-causal-2026-09-20,2026-09-20T08:10:29.869407+00:00,,,,,,,,,,,,,,,,,,,,,,,,,,,,
2025-12-22,HDB,Ngân hàng,27.0,89.3152173913043,BB squeeze breakout,v2-causal-2026-09-20,2026-09-20T08:10:29.869407+00:00,,,,,,,,,,,,,,,,,,,,,,,,,,,,
2026-05-07,HDB,Ngân hàng,27.5,86.6589673913044,BB squeeze breakout,v2-causal-2026-09-20,2026-09-20T08:10:29.869407+00:00,,,,,,,,,,,,,,,,,,,,,,,,,,,,
2026-07-17,HDB,Ngân hàng,27.25,87.3795572916667,SM ngắn hạn vượt 80,v2-causal-2026-09-20,2026-09-20T08:10:29.869407+00:00,,,,,,,,,,,,,,,,,,,,,,,,,,,,
2025-11-11,HHP,Tài nguyên Cơ bản,11.95,85.3822843822844,MACD turn dương,v2-causal-2026-09-20,2026-09-20T08:10:29.869407+00:00,,,,,,,,,,,,,,,,,,,,,,,,,,,,
2026-01-29,HHP,Tài nguyên Cơ bản,12.56,77.5673701298701,SM ngắn hạn vượt 80,v2-causal-2026-09-20,2026-09-20T08:10:29.869407+00:00,,,,,,,,,,,,,,,,,,,,,,,,,,,,
2026-02-11,HHP,Tài nguyên Cơ bản,12.84,81.1646241830065,SM ngắn hạn vượt 80,v2-causal-2026-09-20,2026-09-20T08:10:29.869407+00:00,,,,,,,,,,,,,,,,,,,,,,,,,,,,
2026-05-13,HHP,Tài nguyên Cơ bản,13.45,79.4728260869565,MA20/MA50 cross,v2-causal-2026-09-20,2026-09-20T08:10:29.869407+00:00,,,,,,,,,,,,,,,,,,,,,,,,,,,,
2026-07-01,HHP,Tài nguyên Cơ bản,13.83,80.7143333333333,SM ngắn hạn vượt 80,v2-causal-2026-09-20,2026-09-20T08:10:29.869407+00:00,,,,,,,,,,,,,,,,,,,,,,,,,,,,
2026-07-07,HHP,Tài nguyên Cơ bản,14.06,86.6323717948718,BB squeeze breakout,v2-causal-2026-09-20,2026-09-20T08:10:29.869407+00:00,,,,,,,,,,,,,,,,,,,,,,,,,,,,
2026-07-17,HHP,Tài nguyên Cơ bản,14.16,86.2722981770833,SM ngắn hạn vượt 80,v2-causal-2026-09-20,2026-09-20T08:10:29.869407+00:00,,,,,,,,,,,,,,,,,,,,,,,,,,,,
2026-07-23,HHP,Tài nguyên Cơ bản,14.11,79.9047231870205,Pullback resume + HTF confirm,v3-real-strength-2026-09-20,2026-09-20T08:39:35.688391+00:00,,,,,,,,,,,,,,,,,,,,,,,,,,,,
2026-07-23,HHP,Tài nguyên Cơ bản,14.11,80.1974872073178,Pullback resume + HTF confirm,v4-residual-strength-2026-09-21,2026-09-21T06:32:40.218084+00:00,,,,,,,,,,,,,,,,,,,,,,,,,,,,
2026-08-10,HHP,Tài nguyên Cơ bản,15.38,90.1584645669291,SM ngắn hạn vượt 80,v2-causal-2026-09-20,2026-09-20T08:10:29.869407+00:00,,,,,,,,,,,,,,,,,,,,,,,,,,,,
2026-08-19,HHP,Tài nguyên Cơ bản,15.0,74.5730794270833,MACD turn dương,v2-causal-2026-09-20,2026-09-20T08:10:29.869407+00:00,,,,,,,,,,,,,,,,,,,,,,,,,,,,
2026-04-09,HHS,Ô tô và phụ tùng,14.1,84.5346726190476,SM ngắn hạn vượt 80,v2-causal-2026-09-20,2026-09-20T08:10:29.869407+00:00,,,,,,,,,,,,,,,,,,,,,,,,,,,,
2026-02-25,HPG,Tài nguyên Cơ bản,26.15,79.3425,SM ngắn hạn vượt 80,v2-causal-2026-09-20,2026-09-20T08:10:29.869407+00:00,,,,,,,,,,,,,,,,,,,,,,,,,,,,
2026-04-20,HPG,Tài nguyên Cơ bản,25.39,76.2255434782609,MA20/MA50 cross,v2-causal-2026-09-20,2026-09-20T08:10:29.869407+00:00,,,,,,,,,,,,,,,,,,,,,,,,,,,,
2026-04-21,HSG,Tài nguyên Cơ bản,12.36,80.1533273381295,MA20/MA50 cross,v2-causal-2026-09-20,2026-09-20T08:10:29.869407+00:00,,,,,,,,,,,,,,,,,,,,,,,,,,,,
2026-05-26,HSG,Tài nguyên Cơ bản,12.8,87.8063909774436,BB squeeze breakout,v2-causal-2026-09-20,2026-09-20T08:10:29.869407+00:00,,,,,,,,,,,,,,,,,,,,,,,,,,,,
2026-03-25,HUT,Ô tô và phụ tùng,16.7,79.3055555555556,SM ngắn hạn vượt 80,v2-causal-2026-09-20,2026-09-20T08:10:29.869407+00:00,,,,,,,,,,,,,,,,,,,,,,,,,,,,
2026-04-09,HUT,Ô tô và phụ tùng,17.3,83.1922619047619,SM ngắn hạn vượt 80,v2-causal-2026-09-20,2026-09-20T08:10:29.869407+00:00,,,,,,,,,,,,,,,,,,,,,,,,,,,,
2026-06-29,HVN,Du lịch và Giải trí,23.6,82.3277994791667,SM ngắn hạn vượt 80,v2-causal-2026-09-20,2026-09-20T08:10:29.869407+00:00,,,,,,,,,,,,,,,,,,,,,,,,,,,,
2026-04-13,IDC,Bất động sản,42.01,78.5144927536232,MA20/MA50 cross,v2-causal-2026-09-20,2026-09-20T08:10:29.869407+00:00,,,,,,,,,,,,,,,,,,,,,,,,,,,,
2026-04-22,KBC,Bất động sản,34.35,69.91875,MA20/MA50 cross,v2-causal-2026-09-20,2026-09-20T08:10:29.869407+00:00,,,,,,,,,,,,,,,,,,,,,,,,,,,,
2026-05-06,KBC,Bất động sản,34.9,74.0289855072464,SM ngắn hạn vượt 80,v2-causal-2026-09-20,2026-09-20T08:10:29.869407+00:00,,,,,,,,,,,,,,,,,,,,,,,,,,,,
2026-06-01,KDC,Thực phẩm và đồ uống,51.2,74.8819962686567,MA20/MA50 cross,v2-causal-2026-09-20,2026-09-20T08:10:29.869407+00:00,,,,,,,,,,,,,,,,,,,,,,,,,,,,
2026-07-09,KLB,Ngân hàng,12.95,84.9359096692112,SM ngắn hạn vượt 80,v2-causal-2026-09-20,2026-09-20T08:10:29.869407+00:00,,,,,,,,,,,,,,,,,,,,,,,,,,,,
2026-04-03,KOS,Bất động sản,38.5,74.3012152777778,MA20/MA50 cross,v2-causal-2026-09-20,2026-09-20T08:10:29.869407+00:00,,,,,,,,,,,,,,,,,,,,,,,,,,,,
2026-04-23,LCG,Xây dựng và Vật liệu,9.38,74.9262589928058,MA20/MA50 cross,v2-causal-2026-09-20,2026-09-20T08:10:29.869407+00:00,,,,,,,,,,,,,,,,,,,,,,,,,,,,
2026-04-06,LPB,Ngân hàng,43.56,83.5185851318945,MA20/MA50 cross,v2-causal-2026-09-20,2026-09-20T08:10:29.869407+00:00,,,,,,,,,,,,,,,,,,,,,,,,,,,,
2026-05-06,LPB,Ngân hàng,46.68,72.9682971014493,MACD turn dương,v2-causal-2026-09-20,2026-09-20T08:10:29.869407+00:00,,,,,,,,,,,,,,,,,,,,,,,,,,,,
2026-06-23,LPB,Ngân hàng,52.6,86.7516276041667,MACD turn dương,v2-causal-2026-09-20,2026-09-20T08:10:29.869407+00:00,,,,,,,,,,,,,,,,,,,,,,,,,,,,
2026-07-21,LPB,Ngân hàng,54.6,94.1999045801527,SM ngắn hạn vượt 80,v2-causal-2026-09-20,2026-09-20T08:10:29.869407+00:00,,,,,,,,,,,,,,,,,,,,,,,,,,,,
2026-07-21,LPB,Ngân hàng,54.6,91.3742658761148,Pullback resume + HTF confirm,v3-real-strength-2026-09-20,2026-09-20T08:39:35.688391+00:00,,,,,,,,,,,,,,,,,,,,,,,,,,,,
2026-07-21,LPB,Ngân hàng,54.6,92.03473572585763,Pullback resume + HTF confirm,v4-residual-strength-2026-09-21,,91.91619791666665,79.27630192804611,92.27682897286822,86.25,94.46969696969697,94.77272727272727,91.5530303030303,94.01122133680273,0.25390928260266465,0.47352223189405723,3.0,0.28897034212171463,0.2610296578782854,0.31734851917885387,0.41513497285786083,0.22944565555901608,0.08790286361983779,0.20914285714285707,True,True,0.060194174757281615,0.02970297029702973,1.9655828163481623,0.8213600955547662,0.023713945184499985,53.025,51.107,LEADER
2025-12-23,MBB,Ngân hàng,20.1,70.3342391304348,MA20/MA50 cross,v2-causal-2026-09-20,2026-09-20T08:10:29.869407+00:00,,,,,,,,,,,,,,,,,,,,,,,,,,,,
2026-07-13,MBB,Ngân hàng,20.37,78.3017628205128,MA20/MA50 cross,v2-causal-2026-09-20,2026-09-20T08:10:29.869407+00:00,,,,,,,,,,,,,,,,,,,,,,,,,,,,
2026-06-19,MBS,Dịch vụ tài chính,19.48,81.8351236979167,MA20/MA50 cross,v2-causal-2026-09-20,2026-09-20T08:10:29.869407+00:00,,,,,,,,,,,,,,,,,,,,,,,,,,,,
2026-07-02,MBS,Dịch vụ tài chính,19.39,76.4795,MACD turn dương,v2-causal-2026-09-20,2026-09-20T08:10:29.869407+00:00,,,,,,,,,,,,,,,,,,,,,,,,,,,,
2025-10-27,MCH,Thực phẩm và đồ uống,119.41,77.9233156028369,MACD turn dương,v2-causal-2026-09-20,2026-09-20T08:10:29.869407+00:00,,,,,,,,,,,,,,,,,,,,,,,,,,,,
2026-07-17,MCH,Thực phẩm và đồ uống,136.87,79.5089518229167,SM ngắn hạn vượt 80,v2-causal-2026-09-20,2026-09-20T08:10:29.869407+00:00,,,,,,,,,,,,,,,,,,,,,,,,,,,,
2026-07-29,MCH,Thực phẩm và đồ uống,136.87,84.0907152230971,MACD turn dương,v2-causal-2026-09-20,2026-09-20T08:10:29.869407+00:00,,,,,,,,,,,,,,,,,,,,,,,,,,,,
2026-08-25,MCH,Thực phẩm và đồ uống,141.8,75.0877624671916,BB squeeze breakout,v2-causal-2026-09-20,2026-09-20T08:10:29.869407+00:00,,,,,,,,,,,,,,,,,,,,,,,,,,,,
2026-09-16,MCH,Thực phẩm và đồ uống,145.0,77.6225198412698,MACD turn dương,v2-causal-2026-09-20,2026-09-20T08:10:29.869407+00:00,,,,,,,,,,,,,,,,,,,,,,,,,,,,
2026-04-16,MSB,Ngân hàng,10.56,80.466876498801,MA20/MA50 cross,v2-causal-2026-09-20,2026-09-20T08:10:29.869407+00:00,,,,,,,,,,,,,,,,,,,,,,,,,,,,
2026-05-07,MSB,Ngân hàng,10.85,84.7957427536232,SM ngắn hạn vượt 80,v2-causal-2026-09-20,2026-09-20T08:10:29.869407+00:00,,,,,,,,,,,,,,,,,,,,,,,,,,,,
2026-06-17,MSB,Ngân hàng,12.98,90.865157480315,SM ngắn hạn vượt 80,v2-causal-2026-09-20,2026-09-20T08:10:29.869407+00:00,,,,,,,,,,,,,,,,,,,,,,,,,,,,
2025-11-07,MSH,Hàng cá nhân & Gia dụng,32.91,76.1922743055556,MA20/MA50 cross,v2-causal-2026-09-20,2026-09-20T08:10:29.869407+00:00,,,,,,,,,,,,,,,,,,,,,,,,,,,,
2026-02-02,MSH,Hàng cá nhân & Gia dụng,37.34,83.6752688172043,SM ngắn hạn vượt 80,v2-causal-2026-09-20,2026-09-20T08:10:29.869407+00:00,,,,,,,,,,,,,,,,,,,,,,,,,,,,
2026-01-29,MSN,Thực phẩm và đồ uống,84.1,75.1263528138528,SM ngắn hạn vượt 80,v2-causal-2026-09-20,2026-09-20T08:10:29.869407+00:00,,,,,,,,,,,,,,,,,,,,,,,,,,,,
2026-04-21,MSN,Thực phẩm và đồ uống,79.0,81.1378896882494,MA20/MA50 cross,v2-causal-2026-09-20,2026-09-20T08:10:29.869407+00:00,,,,,,,,,,,,,,,,,,,,,,,,,,,,
2026-05-07,MSN,Thực phẩm và đồ uống,81.0,83.7472826086957,BB squeeze breakout,v2-causal-2026-09-20,2026-09-20T08:10:29.869407+00:00,,,,,,,,,,,,,,,,,,,,,,,,,,,,
2026-02-24,MSR,Tài nguyên Cơ bản,37.51,72.9795805739514,MACD turn dương,v2-causal-2026-09-20,2026-09-20T08:10:29.869407+00:00,,,,,,,,,,,,,,,,,,,,,,,,,,,,
2026-08-19,MSR,Tài nguyên Cơ bản,42.11,90.9109700520833,MA20/MA50 cross,v2-causal-2026-09-20,2026-09-20T08:10:29.869407+00:00,,,,,,,,,,,,,,,,,,,,,,,,,,,,
2025-12-11,MST,Xây dựng và Vật liệu,6.6,84.3803191489362,SM ngắn hạn vượt 80,v2-causal-2026-09-20,2026-09-20T08:10:29.869407+00:00,,,,,,,,,,,,,,,,,,,,,,,,,,,,
2026-03-13,MST,Xây dựng và Vật liệu,7.7,82.5379901960784,SM ngắn hạn vượt 80,v2-causal-2026-09-20,2026-09-20T08:10:29.869407+00:00,,,,,,,,,,,,,,,,,,,,,,,,,,,,
2026-06-15,MST,Xây dựng và Vật liệu,9.4,85.8056102362205,MA20/MA50 cross,v2-causal-2026-09-20,2026-09-20T08:10:29.869407+00:00,,,,,,,,,,,,,,,,,,,,,,,,,,,,
2025-12-09,MWG,Bán lẻ,82.71,79.2174107142857,MA20/MA50 cross,v2-causal-2026-09-20,2026-09-20T08:10:29.869407+00:00,,,,,,,,,,,,,,,,,,,,,,,,,,,,
2025-12-22,MWG,Bán lẻ,83.7,78.5502717391304,MA20/MA50 cross,v2-causal-2026-09-20,2026-09-20T08:10:29.869407+00:00,,,,,,,,,,,,,,,,,,,,,,,,,,,,
2026-01-30,MWG,Bán lẻ,91.48,80.6415043290043,BB squeeze breakout,v2-causal-2026-09-20,2026-09-20T08:10:29.869407+00:00,,,,,,,,,,,,,,,,,,,,,,,,,,,,
2026-02-11,MWG,Bán lẻ,90.49,82.6421568627451,SM ngắn hạn vượt 80,v2-causal-2026-09-20,2026-09-20T08:10:29.869407+00:00,,,,,,,,,,,,,,,,,,,,,,,,,,,,
2026-04-24,NAB,Ngân hàng,11.86,80.8127997601919,MA20/MA50 cross,v2-causal-2026-09-20,2026-09-20T08:10:29.869407+00:00,,,,,,,,,,,,,,,,,,,,,,,,,,,,
2026-06-15,NAB,Ngân hàng,12.4,78.0649606299213,MACD turn dương,v2-causal-2026-09-20,2026-09-20T08:10:29.869407+00:00,,,,,,,,,,,,,,,,,,,,,,,,,,,,
2025-12-25,NAF,Thực phẩm và đồ uống,36.7,75.6107613908873,MA20/MA50 cross,v2-causal-2026-09-20,2026-09-20T08:10:29.869407+00:00,,,,,,,,,,,,,,,,,,,,,,,,,,,,
2026-01-26,NAF,Thực phẩm và đồ uống,40.2,75.5698529411765,SM ngắn hạn vượt 80,v2-causal-2026-09-20,2026-09-20T08:10:29.869407+00:00,,,,,,,,,,,,,,,,,,,,,,,,,,,,
2026-02-10,NAF,Thực phẩm và đồ uống,43.5,78.2626633986928,MACD turn dương,v2-causal-2026-09-20,2026-09-20T08:10:29.869407+00:00,,,,,,,,,,,,,,,,,,,,,,,,,,,,
2026-03-19,NAF,Thực phẩm và đồ uống,47.85,84.9803841991342,BB squeeze breakout,v2-causal-2026-09-20,2026-09-20T08:10:29.869407+00:00,,,,,,,,,,,,,,,,,,,,,,,,,,,,
2026-05-21,NAF,Thực phẩm và đồ uống,51.8,76.7212375621891,BB squeeze breakout,v2-causal-2026-09-20,2026-09-20T08:10:29.869407+00:00,,,,,,,,,,,,,,,,,,,,,,,,,,,,
2025-12-19,NT2,"Điện, nước & xăng dầu khí đốt",24.2,72.1754866180049,MACD turn dương,v2-causal-2026-09-20,2026-09-20T08:10:29.869407+00:00,,,,,,,,,,,,,,,,,,,,,,,,,,,,
2025-12-29,NT2,"Điện, nước & xăng dầu khí đốt",24.45,80.176395296806,Pullback resume + HTF confirm,v3-real-strength-2026-09-20,2026-09-20T08:39:35.688391+00:00,,,,,,,,,,,,,,,,,,,,,,,,,,,,
2026-02-24,NT2,"Điện, nước & xăng dầu khí đốt",28.2,75.5993377483444,BB squeeze breakout,v2-causal-2026-09-20,2026-09-20T08:10:29.869407+00:00,,,,,,,,,,,,,,,,,,,,,,,,,,,,
2025-10-23,NTP,Xây dựng và Vật liệu,53.15,78.4224290780142,BB squeeze breakout,v2-causal-2026-09-20,2026-09-20T08:10:29.869407+00:00,,,,,,,,,,,,,,,,,,,,,,,,,,,,
2026-07-07,NVB,Ngân hàng,14.7,88.1637820512821,SM ngắn hạn vượt 80,v2-causal-2026-09-20,2026-09-20T08:10:29.869407+00:00,,,,,,,,,,,,,,,,,,,,,,,,,,,,
2026-03-30,NVL,Bất động sản,12.91,76.3126407657658,MA20/MA50 cross,v2-causal-2026-09-20,2026-09-20T08:10:29.869407+00:00,,,,,,,,,,,,,,,,,,,,,,,,,,,,
2026-05-27,OCB,Ngân hàng,10.42,94.6660447761194,BB squeeze breakout,v2-causal-2026-09-20,2026-09-20T08:10:29.869407+00:00,,,,,,,,,,,,,,,,,,,,,,,,,,,,
2026-07-01,OCB,Ngân hàng,11.4,88.9501666666667,SM ngắn hạn vượt 80,v2-causal-2026-09-20,2026-09-20T08:10:29.869407+00:00,,,,,,,,,,,,,,,,,,,,,,,,,,,,
2026-08-28,OCB,Ngân hàng,11.0,77.0074404761905,MA20/MA50 cross,v2-causal-2026-09-20,2026-09-20T08:10:29.869407+00:00,,,,,,,,,,,,,,,,,,,,,,,,,,,,
2026-01-05,OIL,Dầu khí,11.04,96.5344724220624,BB squeeze breakout,v2-causal-2026-09-20,2026-09-20T08:10:29.869407+00:00,,,,,,,,,,,,,,,,,,,,,,,,,,,,
2026-09-09,OIL,Dầu khí,13.9,80.7857142857143,SM ngắn hạn vượt 80,v2-causal-2026-09-20,2026-09-20T08:10:29.869407+00:00,,,,,,,,,,,,,,,,,,,,,,,,,,,,
2026-03-05,ORS,Dịch vụ tài chính,14.75,78.1830357142857,SM ngắn hạn vượt 80,v2-causal-2026-09-20,2026-09-20T08:10:29.869407+00:00,,,,,,,,,,,,,,,,,,,,,,,,,,,,
2026-07-03,ORS,Dịch vụ tài chính,14.65,100.36811023622,BB squeeze breakout,v2-causal-2026-09-20,2026-09-20T08:10:29.869407+00:00,,,,,,,,,,,,,,,,,,,,,,,,,,,,
2026-08-24,ORS,Dịch vụ tài chính,14.6,72.0662729658793,MACD turn dương,v2-causal-2026-09-20,2026-09-20T08:10:29.869407+00:00,,,,,,,,,,,,,,,,,,,,,,,,,,,,
2026-02-10,PAN,Thực phẩm và đồ uống,23.61,79.9015522875817,SM ngắn hạn vượt 80,v2-causal-2026-09-20,2026-09-20T08:10:29.869407+00:00,,,,,,,,,,,,,,,,,,,,,,,,,,,,
2026-04-23,PAN,Thực phẩm và đồ uống,24.1,76.7591426858513,MA20/MA50 cross,v2-causal-2026-09-20,2026-09-20T08:10:29.869407+00:00,,,,,,,,,,,,,,,,,,,,,,,,,,,,
2026-05-07,PAN,Thực phẩm và đồ uống,24.86,82.3731884057971,BB squeeze breakout,v2-causal-2026-09-20,2026-09-20T08:10:29.869407+00:00,,,,,,,,,,,,,,,,,,,,,,,,,,,,
2026-05-25,PAN,Thực phẩm và đồ uống,25.39,85.6824874686717,BB squeeze breakout,v2-causal-2026-09-20,2026-09-20T08:10:29.869407+00:00,,,,,,,,,,,,,,,,,,,,,,,,,,,,
2026-03-27,PC1,Xây dựng và Vật liệu,29.1,75.39293598234,MACD turn dương,v2-causal-2026-09-20,2026-09-20T08:10:29.869407+00:00,,,,,,,,,,,,,,,,,,,,,,,,,,,,
2026-05-27,PDR,Bất động sản,17.0,65.3653606965174,MACD turn dương,v2-causal-2026-09-20,2026-09-20T08:10:29.869407+00:00,,,,,,,,,,,,,,,,,,,,,,,,,,,,
2025-11-27,PET,Bán lẻ,22.33,79.9618794326241,SM ngắn hạn vượt 80,v2-causal-2026-09-20,2026-09-20T08:10:29.869407+00:00,,,,,,,,,,,,,,,,,,,,,,,,,,,,
2026-01-14,PET,Bán lẻ,25.18,73.0809075342466,SM ngắn hạn vượt 80,v2-causal-2026-09-20,2026-09-20T08:10:29.869407+00:00,,,,,,,,,,,,,,,,,,,,,,,,,,,,
2026-02-03,PET,Bán lẻ,25.21,73.3353494623656,MACD turn dương,v2-causal-2026-09-20,2026-09-20T08:10:29.869407+00:00,,,,,,,,,,,,,,,,,,,,,,,,,,,,
2026-02-23,PET,Bán lẻ,25.39,82.0296633554084,SM ngắn hạn vượt 80,v2-causal-2026-09-20,2026-09-20T08:10:29.869407+00:00,,,,,,,,,,,,,,,,,,,,,,,,,,,,
2026-06-16,PET,Bán lẻ,36.29,92.5687335958005,BB squeeze breakout,v2-causal-2026-09-20,2026-09-20T08:10:29.869407+00:00,,,,,,,,,,,,,,,,,,,,,,,,,,,,
2026-06-30,PET,Bán lẻ,38.49,81.3638333333333,SM ngắn hạn vượt 80,v2-causal-2026-09-20,2026-09-20T08:10:29.869407+00:00,,,,,,,,,,,,,,,,,,,,,,,,,,,,
2026-07-30,PET,Bán lẻ,38.0,70.9049479166667,MACD turn dương,v2-causal-2026-09-20,2026-09-20T08:10:29.869407+00:00,,,,,,,,,,,,,,,,,,,,,,,,,,,,
2026-01-22,PHP,Hàng & Dịch vụ Công nghiệp,36.65,77.4083059210526,MA20/MA50 cross,v2-causal-2026-09-20,2026-09-20T08:10:29.869407+00:00,,,,,,,,,,,,,,,,,,,,,,,,,,,,
2026-03-03,PHP,Hàng & Dịch vụ Công nghiệp,39.97,78.8644462719298,SM ngắn hạn vượt 80,v2-causal-2026-09-20,2026-09-20T08:10:29.869407+00:00,,,,,,,,,,,,,,,,,,,,,,,,,,,,
2026-08-17,PHP,Hàng & Dịch vụ Công nghiệp,44.8,94.1328125,SM ngắn hạn vượt 80,v2-causal-2026-09-20,2026-09-20T08:10:29.869407+00:00,,,,,,,,,,,,,,,,,,,,,,,,,,,,
2026-01-07,PHR,Hóa chất,32.58,79.7263189448441,BB squeeze breakout,v2-causal-2026-09-20,2026-09-20T08:10:29.869407+00:00,,,,,,,,,,,,,,,,,,,,,,,,,,,,
2026-02-04,PHR,Hóa chất,36.38,68.5129032258065,MACD turn dương,v2-causal-2026-09-20,2026-09-20T08:10:29.869407+00:00,,,,,,,,,,,,,,,,,,,,,,,,,,,,
2026-05-15,PHR,Hóa chất,38.72,100.280628109453,BB squeeze breakout,v2-causal-2026-09-20,2026-09-20T08:10:29.869407+00:00,,,,,,,,,,,,,,,,,,,,,,,,,,,,
2026-09-08,PHR,Hóa chất,33.67,82.0882936507936,MA20/MA50 cross,v2-causal-2026-09-20,2026-09-20T08:10:29.869407+00:00,,,,,,,,,,,,,,,,,,,,,,,,,,,,
2025-12-08,PLX,Dầu khí,34.8,77.7453537170264,BB squeeze breakout,v2-causal-2026-09-20,2026-09-20T08:10:29.869407+00:00,,,,,,,,,,,,,,,,,,,,,,,,,,,,
2025-12-23,PLX,Dầu khí,34.37,83.7413949275362,SM ngắn hạn vượt 80,v2-causal-2026-09-20,2026-09-20T08:10:29.869407+00:00,,,,,,,,,,,,,,,,,,,,,,,,,,,,
2026-03-03,PLX,Dầu khí,63.81,84.5519462719298,MACD turn dương,v2-causal-2026-09-20,2026-09-20T08:10:29.869407+00:00,,,,,,,,,,,,,,,,,,,,,,,,,,,,
2026-09-16,PLX,Dầu khí,38.2,83.09375,MACD turn dương,v2-causal-2026-09-20,2026-09-20T08:10:29.869407+00:00,,,,,,,,,,,,,,,,,,,,,,,,,,,,
2025-12-18,PNJ,Hàng cá nhân & Gia dụng,60.65,67.4507299270073,MA20/MA50 cross,v2-causal-2026-09-20,2026-09-20T08:10:29.869407+00:00,,,,,,,,,,,,,,,,,,,,,,,,,,,,
2025-11-26,POW,"Điện, nước & xăng dầu khí đốt",12.58,77.1520390070922,SM ngắn hạn vượt 80,v2-causal-2026-09-20,2026-09-20T08:10:29.869407+00:00,,,,,,,,,,,,,,,,,,,,,,,,,,,,
2025-12-22,POW,"Điện, nước & xăng dầu khí đốt",12.7,73.2377717391304,MACD turn dương,v2-causal-2026-09-20,2026-09-20T08:10:29.869407+00:00,,,,,,,,,,,,,,,,,,,,,,,,,,,,
2026-03-02,POW,"Điện, nước & xăng dầu khí đốt",15.5,80.2386744966443,SM ngắn hạn vượt 80,v2-causal-2026-09-20,2026-09-20T08:10:29.869407+00:00,,,,,,,,,,,,,,,,,,,,,,,,,,,,
2026-06-16,POW,"Điện, nước & xăng dầu khí đốt",14.15,72.7541010498688,BB squeeze breakout,v2-causal-2026-09-20,2026-09-20T08:10:29.869407+00:00,,,,,,,,,,,,,,,,,,,,,,,,,,,,
2026-01-05,PVC,Dầu khí,11.6,85.7732314148681,SM ngắn hạn vượt 80,v2-causal-2026-09-20,2026-09-20T08:10:29.869407+00:00,,,,,,,,,,,,,,,,,,,,,,,,,,,,
2026-02-02,PVC,Dầu khí,15.8,89.6376344086021,MACD turn dương,v2-causal-2026-09-20,2026-09-20T08:10:29.869407+00:00,,,,,,,,,,,,,,,,,,,,,,,,,,,,
2025-12-19,PVD,Dầu khí,16.53,85.0497262773723,MACD turn dương,v2-causal-2026-09-20,2026-09-20T08:10:29.869407+00:00,,,,,,,,,,,,,,,,,,,,,,,,,,,,
2026-01-30,PVD,Dầu khí,18.57,83.5703463203463,SM ngắn hạn vượt 80,v2-causal-2026-09-20,2026-09-20T08:10:29.869407+00:00,,,,,,,,,,,,,,,,,,,,,,,,,,,,
2026-07-09,PVD,Dầu khí,19.95,74.734096692112,SM ngắn hạn vượt 80,v2-causal-2026-09-20,2026-09-20T08:10:29.869407+00:00,,,,,,,,,,,,,,,,,,,,,,,,,,,,
2026-07-14,PVD,Dầu khí,19.9,90.5770833333333,SM ngắn hạn vượt 80,v2-causal-2026-09-20,2026-09-20T08:10:29.869407+00:00,,,,,,,,,,,,,,,,,,,,,,,,,,,,
2026-09-15,PVD,Dầu khí,19.65,93.6200396825397,MA20/MA50 cross,v2-causal-2026-09-20,2026-09-20T08:10:29.869407+00:00,,,,,,,,,,,,,,,,,,,,,,,,,,,,
2026-05-04,PVP,Hàng & Dịch vụ Công nghiệp,17.08,83.9864130434783,MA20/MA50 cross,v2-causal-2026-09-20,2026-09-20T08:10:29.869407+00:00,,,,,,,,,,,,,,,,,,,,,,,,,,,,
2026-09-08,PVP,Hàng & Dịch vụ Công nghiệp,18.03,86.6731150793651,SM ngắn hạn vượt 80,v2-causal-2026-09-20,2026-09-20T08:10:29.869407+00:00,,,,,,,,,,,,,,,,,,,,,,,,,,,,
2025-11-19,PVS,Dầu khí,26.96,71.025088028169,MA20/MA50 cross,v2-causal-2026-09-20,2026-09-20T08:10:29.869407+00:00,,,,,,,,,,,,,,,,,,,,,,,,,,,,
2025-12-18,PVS,Dầu khí,27.33,76.4487530413625,MACD turn dương,v2-causal-2026-09-20,2026-09-20T08:10:29.869407+00:00,,,,,,,,,,,,,,,,,,,,,,,,,,,,
2026-03-02,PVS,Dầu khí,43.42,79.949244966443,MACD turn dương,v2-causal-2026-09-20,2026-09-20T08:10:29.869407+00:00,,,,,,,,,,,,,,,,,,,,,,,,,,,,
2026-09-04,PVS,Dầu khí,32.25,71.5710685483871,MA20/MA50 cross,v2-causal-2026-09-20,2026-09-20T08:10:29.869407+00:00,,,,,,,,,,,,,,,,,,,,,,,,,,,,
2025-11-25,PVT,Hàng & Dịch vụ Công nghiệp,16.84,82.2628546099291,MA20/MA50 cross,v2-causal-2026-09-20,2026-09-20T08:10:29.869407+00:00,,,,,,,,,,,,,,,,,,,,,,,,,,,,
2026-01-07,PVT,Hàng & Dịch vụ Công nghiệp,18.66,77.4617805755396,SM ngắn hạn vượt 80,v2-causal-2026-09-20,2026-09-20T08:10:29.869407+00:00,,,,,,,,,,,,,,,,,,,,,,,,,,,,
2026-02-26,PVT,Hàng & Dịch vụ Công nghiệp,20.48,76.5753635346756,SM ngắn hạn vượt 80,v2-causal-2026-09-20,2026-09-20T08:10:29.869407+00:00,,,,,,,,,,,,,,,,,,,,,,,,,,,,
2026-08-24,PVT,Hàng & Dịch vụ Công nghiệp,20.65,73.74343832021,MA20/MA50 cross,v2-causal-2026-09-20,2026-09-20T08:10:29.869407+00:00,,,,,,,,,,,,,,,,,,,,,,,,,,,,
2026-09-08,PVT,Hàng & Dịch vụ Công nghiệp,21.3,86.3060515873016,SM ngắn hạn vượt 80,v2-causal-2026-09-20,2026-09-20T08:10:29.869407+00:00,,,,,,,,,,,,,,,,,,,,,,,,,,,,
2026-05-13,QNS,Thực phẩm và đồ uống,47.95,75.5063405797101,MA20/MA50 cross,v2-causal-2026-09-20,2026-09-20T08:10:29.869407+00:00,,,,,,,,,,,,,,,,,,,,,,,,,,,,
2026-09-11,QNS,Thực phẩm và đồ uống,49.5,88.6314484126984,MA20/MA50 cross,v2-causal-2026-09-20,2026-09-20T08:10:29.869407+00:00,,,,,,,,,,,,,,,,,,,,,,,,,,,,
2025-11-21,REE,"Điện, nước & xăng dầu khí đốt",57.3,79.8857808857809,MA20/MA50 cross,v2-causal-2026-09-20,2026-09-20T08:10:29.869407+00:00,,,,,,,,,,,,,,,,,,,,,,,,,,,,
2026-03-03,REE,"Điện, nước & xăng dầu khí đốt",56.05,75.1650219298246,BB squeeze breakout,v2-causal-2026-09-20,2026-09-20T08:10:29.869407+00:00,,,,,,,,,,,,,,,,,,,,,,,,,,,,
2026-03-13,REE,"Điện, nước & xăng dầu khí đốt",55.44,79.9983660130719,MACD turn dương,v2-causal-2026-09-20,2026-09-20T08:10:29.869407+00:00,,,,,,,,,,,,,,,,,,,,,,,,,,,,
2025-12-01,SAB,Thực phẩm và đồ uống,43.97,89.3288690476191,BB squeeze breakout,v2-causal-2026-09-20,2026-09-20T08:10:29.869407+00:00,,,,,,,,,,,,,,,,,,,,,,,,,,,,
2026-05-15,SAB,Thực phẩm và đồ uống,45.42,72.4430970149254,SM ngắn hạn vượt 80,v2-causal-2026-09-20,2026-09-20T08:10:29.869407+00:00,,,,,,,,,,,,,,,,,,,,,,,,,,,,
2026-06-12,SAB,Thực phẩm và đồ uống,45.47,75.7706705729167,MACD turn dương,v2-causal-2026-09-20,2026-09-20T08:10:29.869407+00:00,,,,,,,,,,,,,,,,,,,,,,,,,,,,
2026-08-20,SAB,Thực phẩm và đồ uống,46.8,79.7375992063492,SM ngắn hạn vượt 80,v2-causal-2026-09-20,2026-09-20T08:10:29.869407+00:00,,,,,,,,,,,,,,,,,,,,,,,,,,,,
2026-08-17,SBT,Thực phẩm và đồ uống,23.35,85.9222005208333,MA20/MA50 cross,v2-causal-2026-09-20,2026-09-20T08:10:29.869407+00:00,,,,,,,,,,,,,,,,,,,,,,,,,,,,
2026-06-01,SHS,Dịch vụ tài chính,18.2,76.1167599502487,SM ngắn hạn vượt 80,v2-causal-2026-09-20,2026-09-20T08:10:29.869407+00:00,,,,,,,,,,,,,,,,,,,,,,,,,,,,
2026-06-03,SHS,Dịch vụ tài chính,18.4,73.7691102756892,SM ngắn hạn vượt 80,v2-causal-2026-09-20,2026-09-20T08:10:29.869407+00:00,,,,,,,,,,,,,,,,,,,,,,,,,,,,
2026-06-12,SHS,Dịch vụ tài chính,18.2,72.8831380208333,SM ngắn hạn vượt 80,v2-causal-2026-09-20,2026-09-20T08:10:29.869407+00:00,,,,,,,,,,,,,,,,,,,,,,,,,,,,
2026-07-03,SHS,Dịch vụ tài chính,19.3,83.8513779527559,SM ngắn hạn vượt 80,v2-causal-2026-09-20,2026-09-20T08:10:29.869407+00:00,,,,,,,,,,,,,,,,,,,,,,,,,,,,
2026-07-08,SHS,Dịch vụ tài chính,19.4,84.125,SM ngắn hạn vượt 80,v2-causal-2026-09-20,2026-09-20T08:10:29.869407+00:00,,,,,,,,,,,,,,,,,,,,,,,,,,,,
2026-04-17,SIP,Bất động sản,57.7,74.3688988095238,MA20/MA50 cross,v2-causal-2026-09-20,2026-09-20T08:10:29.869407+00:00,,,,,,,,,,,,,,,,,,,,,,,,,,,,
2026-06-02,SSB,Ngân hàng,14.4,88.8145363408521,MA20/MA50 cross,v2-causal-2026-09-20,2026-09-20T08:10:29.869407+00:00,,,,,,,,,,,,,,,,,,,,,,,,,,,,
2026-03-04,SSI,Dịch vụ tài chính,26.96,80.4335768398268,BB squeeze breakout,v2-causal-2026-09-20,2026-09-20T08:10:29.869407+00:00,,,,,,,,,,,,,,,,,,,,,,,,,,,,
2025-12-31,STB,Ngân hàng,58.0,79.3546163069544,MA20/MA50 cross,v2-causal-2026-09-20,2026-09-20T08:10:29.869407+00:00,,,,,,,,,,,,,,,,,,,,,,,,,,,,
2026-04-23,STB,Ngân hàng,65.4,81.0353717026379,MA20/MA50 cross,v2-causal-2026-09-20,2026-09-20T08:10:29.869407+00:00,,,,,,,,,,,,,,,,,,,,,,,,,,,,
2026-06-25,STB,Ngân hàng,72.2,87.3785807291667,SM ngắn hạn vượt 80,v2-causal-2026-09-20,2026-09-20T08:10:29.869407+00:00,,,,,,,,,,,,,,,,,,,,,,,,,,,,
2026-07-20,STB,Ngân hàng,73.0,79.7451550387597,MACD turn dương,v2-causal-2026-09-20,2026-09-20T08:10:29.869407+00:00,,,,,,,,,,,,,,,,,,,,,,,,,,,,
2026-07-23,STB,Ngân hàng,72.0,83.9949186521788,Pullback resume + HTF confirm,v3-real-strength-2026-09-20,2026-09-20T08:39:35.688391+00:00,,,,,,,,,,,,,,,,,,,,,,,,,,,,
2026-07-23,STB,Ngân hàng,72.0,82.54801000012398,Pullback resume + HTF confirm,v4-residual-strength-2026-09-21,,75.52803200630989,78.57267441860463,84.29854045542635,85.69444444444444,81.35658914728683,66.27906976744185,84.6124031007752,75.72516371500073,0.10784631582817808,0.34686673850548694,3.0,0.07984986940396371,0.30348346392936965,0.15133857917115678,0.2395776981040435,0.07666527419109825,0.07467330498005853,0.1325115562403698,True,True,0.0027855153203342198,0.002436477549599747,1.4184282377563926,0.2305004218497828,0.04102094325852329,71.825,71.01,NEUTRAL
2026-09-04,STB,Ngân hàng,77.3,81.2523521505376,BB squeeze breakout,v2-causal-2026-09-20,2026-09-20T08:10:29.869407+00:00,,,,,,,,,,,,,,,,,,,,,,,,,,,,
2026-01-12,TCB,Ngân hàng,37.22,68.6675347222222,MA20/MA50 cross,v2-causal-2026-09-20,2026-09-20T08:10:29.869407+00:00,,,,,,,,,,,,,,,,,,,,,,,,,,,,
2026-05-05,TCB,Ngân hàng,32.61,72.7959692028986,MA20/MA50 cross,v2-causal-2026-09-20,2026-09-20T08:10:29.869407+00:00,,,,,,,,,,,,,,,,,,,,,,,,,,,,
2026-07-08,TCB,Ngân hàng,33.75,78.7790064102564,MA20/MA50 cross,v2-causal-2026-09-20,2026-09-20T08:10:29.869407+00:00,,,,,,,,,,,,,,,,,,,,,,,,,,,,
2026-09-04,TCB,Ngân hàng,32.6,73.5310819892473,MA20/MA50 cross,v2-causal-2026-09-20,2026-09-20T08:10:29.869407+00:00,,,,,,,,,,,,,,,,,,,,,,,,,,,,
2026-04-14,TCH,Bất động sản,15.75,81.1370133819951,SM ngắn hạn vượt 80,v2-causal-2026-09-20,2026-09-20T08:10:29.869407+00:00,,,,,,,,,,,,,,,,,,,,,,,,,,,,
2026-04-28,TCH,Bất động sản,16.3,76.0461956521739,MACD turn dương,v2-causal-2026-09-20,2026-09-20T08:10:29.869407+00:00,,,,,,,,,,,,,,,,,,,,,,,,,,,,
2026-07-02,TCX,Dịch vụ tài chính,37.51,86.16175,MA20/MA50 cross,v2-causal-2026-09-20,2026-09-20T08:10:29.869407+00:00,,,,,,,,,,,,,,,,,,,,,,,,,,,,
2025-11-20,TNG,Hàng cá nhân & Gia dụng,17.9,87.2856934731935,MA20/MA50 cross,v2-causal-2026-09-20,2026-09-20T08:10:29.869407+00:00,,,,,,,,,,,,,,,,,,,,,,,,,,,,
2026-01-29,TNG,Hàng cá nhân & Gia dụng,19.37,85.345643939394,SM ngắn hạn vượt 80,v2-causal-2026-09-20,2026-09-20T08:10:29.869407+00:00,,,,,,,,,,,,,,,,,,,,,,,,,,,,
2026-06-30,TPB,Ngân hàng,16.6,86.5813333333334,SM ngắn hạn vượt 80,v2-causal-2026-09-20,2026-09-20T08:10:29.869407+00:00,,,,,,,,,,,,,,,,,,,,,,,,,,,,
2026-02-04,TVN,Tài nguyên Cơ bản,9.8,84.0716397849463,SM ngắn hạn vượt 80,v2-causal-2026-09-20,2026-09-20T08:10:29.869407+00:00,,,,,,,,,,,,,,,,,,,,,,,,,,,,
2026-03-03,TVN,Tài nguyên Cơ bản,9.6,69.0527686403509,MACD turn dương,v2-causal-2026-09-20,2026-09-20T08:10:29.869407+00:00,,,,,,,,,,,,,,,,,,,,,,,,,,,,
2026-06-19,VAB,Ngân hàng,9.82,79.83837890625,MACD turn dương,v2-causal-2026-09-20,2026-09-20T08:10:29.869407+00:00,,,,,,,,,,,,,,,,,,,,,,,,,,,,
2025-10-30,VC3,Bất động sản,27.01,71.8034037558685,MA20/MA50 cross,v2-causal-2026-09-20,2026-09-20T08:10:29.869407+00:00,,,,,,,,,,,,,,,,,,,,,,,,,,,,
2026-05-18,VCB,Ngân hàng,62.74,76.1444128787879,BB squeeze breakout,v2-causal-2026-09-20,2026-09-20T08:10:29.869407+00:00,,,,,,,,,,,,,,,,,,,,,,,,,,,,
2026-07-01,VCB,Ngân hàng,62.54,80.1796666666667,BB squeeze breakout,v2-causal-2026-09-20,2026-09-20T08:10:29.869407+00:00,,,,,,,,,,,,,,,,,,,,,,,,,,,,
2026-08-26,VCB,Ngân hàng,60.3,69.3819444444444,MA20/MA50 cross,v2-causal-2026-09-20,2026-09-20T08:10:29.869407+00:00,,,,,,,,,,,,,,,,,,,,,,,,,,,,
2026-09-15,VCB,Ngân hàng,60.0,73.0034722222222,SM ngắn hạn vượt 80,v2-causal-2026-09-20,2026-09-20T08:10:29.869407+00:00,,,,,,,,,,,,,,,,,,,,,,,,,,,,
2026-02-27,VCI,Dịch vụ tài chính,28.32,73.64375,SM ngắn hạn vượt 80,v2-causal-2026-09-20,2026-09-20T08:10:29.869407+00:00,,,,,,,,,,,,,,,,,,,,,,,,,,,,
2025-10-29,VEA,Hàng & Dịch vụ Công nghiệp,35.58,69.6517018779343,MACD turn dương,v2-causal-2026-09-20,2026-09-20T08:10:29.869407+00:00,,,,,,,,,,,,,,,,,,,,,,,,,,,,
2026-01-20,VEA,Hàng & Dịch vụ Công nghiệp,38.3,78.8962556306306,MA20/MA50 cross,v2-causal-2026-09-20,2026-09-20T08:10:29.869407+00:00,,,,,,,,,,,,,,,,,,,,,,,,,,,,
2026-05-26,VEA,Hàng & Dịch vụ Công nghiệp,35.4,79.2471021303258,SM ngắn hạn vượt 80,v2-causal-2026-09-20,2026-09-20T08:10:29.869407+00:00,,,,,,,,,,,,,,,,,,,,,,,,,,,,
2025-11-06,VGI,Viễn thông,74.0,83.16796875,MA20/MA50 cross,v2-causal-2026-09-20,2026-09-20T08:10:29.869407+00:00,,,,,,,,,,,,,,,,,,,,,,,,,,,,
2026-06-04,VGI,Viễn thông,92.26,90.1589912280702,SM ngắn hạn vượt 80,v2-causal-2026-09-20,2026-09-20T08:10:29.869407+00:00,,,,,,,,,,,,,,,,,,,,,,,,,,,,
2026-01-13,VGT,Hàng cá nhân & Gia dụng,12.97,74.5954861111111,MA20/MA50 cross,v2-causal-2026-09-20,2026-09-20T08:10:29.869407+00:00,,,,,,,,,,,,,,,,,,,,,,,,,,,,
2026-02-27,VGT,Hàng cá nhân & Gia dụng,14.23,83.9975,SM ngắn hạn vượt 80,v2-causal-2026-09-20,2026-09-20T08:10:29.869407+00:00,,,,,,,,,,,,,,,,,,,,,,,,,,,,
2025-11-17,VHC,Thực phẩm và đồ uống,58.7,69.4165199530516,MA20/MA50 cross,v2-causal-2026-09-20,2026-09-20T08:10:29.869407+00:00,,,,,,,,,,,,,,,,,,,,,,,,,,,,
2026-01-20,VHC,Thực phẩm và đồ uống,63.0,82.4363738738739,BB squeeze breakout,v2-causal-2026-09-20,2026-09-20T08:10:29.869407+00:00,,,,,,,,,,,,,,,,,,,,,,,,,,,,
2026-01-29,VHC,Thực phẩm và đồ uống,65.0,80.1324404761905,SM ngắn hạn vượt 80,v2-causal-2026-09-20,2026-09-20T08:10:29.869407+00:00,,,,,,,,,,,,,,,,,,,,,,,,,,,,
2026-04-23,VHC,Thực phẩm và đồ uống,62.0,77.7047362110312,MA20/MA50 cross,v2-causal-2026-09-20,2026-09-20T08:10:29.869407+00:00,,,,,,,,,,,,,,,,,,,,,,,,,,,,
2026-05-05,VHM,Bất động sản,72.8,84.6956521739131,SM ngắn hạn vượt 80,v2-causal-2026-09-20,2026-09-20T08:10:29.869407+00:00,,,,,,,,,,,,,,,,,,,,,,,,,,,,
2026-07-01,VIB,Ngân hàng,15.16,88.0321666666667,MA20/MA50 cross,v2-causal-2026-09-20,2026-09-20T08:10:29.869407+00:00,,,,,,,,,,,,,,,,,,,,,,,,,,,,
2025-11-24,VIC,Bất động sản,119.75,89.1384976525822,BB squeeze breakout,v2-causal-2026-09-20,2026-09-20T08:10:29.869407+00:00,,,,,,,,,,,,,,,,,,,,,,,,,,,,
2025-11-24,VJC,Du lịch và Giải trí,157.53,80.4053697183099,MACD turn dương,v2-causal-2026-09-20,2026-09-20T08:10:29.869407+00:00,,,,,,,,,,,,,,,,,,,,,,,,,,,,
2025-12-25,VJC,Du lịch và Giải trí,163.07,91.7143285371703,SM ngắn hạn vượt 80,v2-causal-2026-09-20,2026-09-20T08:10:29.869407+00:00,,,,,,,,,,,,,,,,,,,,,,,,,,,,
2026-04-21,VJC,Du lịch và Giải trí,135.15,78.8390287769784,SM ngắn hạn vượt 80,v2-causal-2026-09-20,2026-09-20T08:10:29.869407+00:00,,,,,,,,,,,,,,,,,,,,,,,,,,,,
2026-06-05,VJC,Du lịch và Giải trí,141.99,90.9142992424242,BB squeeze breakout,v2-causal-2026-09-20,2026-09-20T08:10:29.869407+00:00,,,,,,,,,,,,,,,,,,,,,,,,,,,,
2026-05-26,VND,Dịch vụ tài chính,17.59,84.2149122807018,BB squeeze breakout,v2-causal-2026-09-20,2026-09-20T08:10:29.869407+00:00,,,,,,,,,,,,,,,,,,,,,,,,,,,,
2026-06-16,VND,Dịch vụ tài chính,18.25,84.7465551181102,MACD turn dương,v2-causal-2026-09-20,2026-09-20T08:10:29.869407+00:00,,,,,,,,,,,,,,,,,,,,,,,,,,,,
2026-07-03,VND,Dịch vụ tài chính,18.4,80.5477362204725,MACD turn dương,v2-causal-2026-09-20,2026-09-20T08:10:29.869407+00:00,,,,,,,,,,,,,,,,,,,,,,,,,,,,
2025-11-24,VNM,Thực phẩm và đồ uống,61.06,91.5421068075117,MA20/MA50 cross,v2-causal-2026-09-20,2026-09-20T08:10:29.869407+00:00,,,,,,,,,,,,,,,,,,,,,,,,,,,,
2026-01-20,VNM,Thực phẩm và đồ uống,71.13,83.7315596846847,BB squeeze breakout,v2-causal-2026-09-20,2026-09-20T08:10:29.869407+00:00,,,,,,,,,,,,,,,,,,,,,,,,,,,,
2026-01-29,VNM,Thực phẩm và đồ uống,68.9,78.9599567099567,SM ngắn hạn vượt 80,v2-causal-2026-09-20,2026-09-20T08:10:29.869407+00:00,,,,,,,,,,,,,,,,,,,,,,,,,,,,
2026-07-29,VNM,Thực phẩm và đồ uống,60.0,90.4450459317585,MA20/MA50 cross,v2-causal-2026-09-20,2026-09-20T08:10:29.869407+00:00,,,,,,,,,,,,,,,,,,,,,,,,,,,,
2026-01-20,VOS,Hàng & Dịch vụ Công nghiệp,13.9,79.6783502252252,BB squeeze breakout,v2-causal-2026-09-20,2026-09-20T08:10:29.869407+00:00,,,,,,,,,,,,,,,,,,,,,,,,,,,,
2026-02-03,VOS,Hàng & Dịch vụ Công nghiệp,14.1,67.9751344086022,MACD turn dương,v2-causal-2026-09-20,2026-09-20T08:10:29.869407+00:00,,,,,,,,,,,,,,,,,,,,,,,,,,,,
2026-02-23,VOS,Hàng & Dịch vụ Công nghiệp,14.7,72.5361479028698,MACD turn dương,v2-causal-2026-09-20,2026-09-20T08:10:29.869407+00:00,,,,,,,,,,,,,,,,,,,,,,,,,,,,
2026-05-06,VPB,Ngân hàng,27.51,66.3863224637681,MACD turn dương,v2-causal-2026-09-20,2026-09-20T08:10:29.869407+00:00,,,,,,,,,,,,,,,,,,,,,,,,,,,,
2026-05-27,VPB,Ngân hàng,28.05,83.2896455223881,SM ngắn hạn vượt 80,v2-causal-2026-09-20,2026-09-20T08:10:29.869407+00:00,,,,,,,,,,,,,,,,,,,,,,,,,,,,
2026-09-10,VPB,Ngân hàng,27.5,75.2886904761905,SM ngắn hạn vượt 80,v2-causal-2026-09-20,2026-09-20T08:10:29.869407+00:00,,,,,,,,,,,,,,,,,,,,,,,,,,,,
2026-04-20,VPI,Bất động sản,55.24,80.7033514492754,BB squeeze breakout,v2-causal-2026-09-20,2026-09-20T08:10:29.869407+00:00,,,,,,,,,,,,,,,,,,,,,,,,,,,,
2025-12-24,VPL,Du lịch và Giải trí,102.0,82.2667572463768,SM ngắn hạn vượt 80,v2-causal-2026-09-20,2026-09-20T08:10:29.869407+00:00,,,,,,,,,,,,,,,,,,,,,,,,,,,,
2026-04-16,VPL,Du lịch và Giải trí,86.1,79.2895683453237,SM ngắn hạn vượt 80,v2-causal-2026-09-20,2026-09-20T08:10:29.869407+00:00,,,,,,,,,,,,,,,,,,,,,,,,,,,,
2026-05-05,VPL,Du lịch và Giải trí,88.0,88.856884057971,BB squeeze breakout,v2-causal-2026-09-20,2026-09-20T08:10:29.869407+00:00,,,,,,,,,,,,,,,,,,,,,,,,,,,,
2026-09-16,VPL,Du lịch và Giải trí,84.2,71.4305555555556,MA20/MA50 cross,v2-causal-2026-09-20,2026-09-20T08:10:29.869407+00:00,,,,,,,,,,,,,,,,,,,,,,,,,,,,
2026-07-06,VPX,Dịch vụ tài chính,28.0,77.9704457364341,MA20/MA50 cross,v2-causal-2026-09-20,2026-09-20T08:10:29.869407+00:00,,,,,,,,,,,,,,,,,,,,,,,,,,,,
2026-04-28,VRE,Bất động sản,29.74,79.8188405797102,SM ngắn hạn vượt 80,v2-causal-2026-09-20,2026-09-20T08:10:29.869407+00:00,,,,,,,,,,,,,,,,,,,,,,,,,,,,
2025-10-30,VTP,Hàng & Dịch vụ Công nghiệp,74.76,85.6178110328639,SM ngắn hạn vượt 80,v2-causal-2026-09-20,2026-09-20T08:10:29.869407+00:00,,,,,,,,,,,,,,,,,,,,,,,,,,,,
2025-12-31,VTZ,Hóa chất,19.5,77.0227817745803,SM ngắn hạn vượt 80,v2-causal-2026-09-20,2026-09-20T08:10:29.869407+00:00,,,,,,,,,,,,,,,,,,,,,,,,,,,,
2026-05-21,VTZ,Hóa chất,20.7,75.1428793532338,SM ngắn hạn vượt 80,v2-causal-2026-09-20,2026-09-20T08:10:29.869407+00:00,,,,,,,,,,,,,,,,,,,,,,,,,,,,
2026-09-08,VTZ,Hóa chất,20.5,77.265128968254,MA20/MA50 cross,v2-causal-2026-09-20,2026-09-20T08:10:29.869407+00:00,,,,,,,,,,,,,,,,,,,,,,,,,,,,
2026-06-19,VVS,Ô tô và phụ tùng,77.3,77.78369140625,SM ngắn hạn vượt 80,v2-causal-2026-09-20,2026-09-20T08:10:29.869407+00:00,,,,,,,,,,,,,,,,,,,,,,,,,,,,
2026-07-17,VVS,Ô tô và phụ tùng,91.3,95.724609375,BB squeeze breakout,v2-causal-2026-09-20,2026-09-20T08:10:29.869407+00:00,,,,,,,,,,,,,,,,,,,,,,,,,,,,
