date,market_score,breadth_ma20,breadth_ma50,median_ret20,liquidity_ratio,regime,coverage_stocks,coverage_reference
2025-11-05,36.600613814351405,0.3986013986013986,0.27972027972027974,-0.03345724907063197,0.5567526675873741,DEFENSIVE,143,131
2025-11-06,33.80948998847385,0.3776223776223776,0.3076923076923077,-0.051339844728274464,0.545237164168186,DEFENSIVE,143,131
2025-11-07,25.72686938191133,0.25874125874125875,0.20279720279720279,-0.07436899038461542,0.7320063855427987,DEFENSIVE,143,131
2025-11-10,21.953184625078585,0.19014084507042253,0.16901408450704225,-0.07755304502753474,0.5792666470869108,DEFENSIVE,142,131
2025-11-11,26.441742138634858,0.24647887323943662,0.19718309859154928,-0.060905227495616554,0.5455909388558632,DEFENSIVE,142,131
2025-11-12,35.39634851723703,0.40559440559440557,0.2727272727272727,-0.048033526756930955,0.6560021783220606,DEFENSIVE,143,131
2025-11-13,36.87525706697815,0.4225352112676056,0.34507042253521125,-0.050398971247691826,0.674282084442634,DEFENSIVE,142,131
2025-11-14,40.76808730983297,0.49295774647887325,0.3732394366197183,-0.03705295561506006,0.6802954604978693,NEUTRAL,142,131
2025-11-17,53.380850239023864,0.6338028169014085,0.4154929577464789,0.02582416581827185,0.7838831906411242,NEUTRAL,142,131
2025-11-18,52.75937107225904,0.6408450704225352,0.4014084507042254,0.013616905153884251,0.9010551550348624,NEUTRAL,142,131
2025-11-19,48.54030268009133,0.5563380281690141,0.4014084507042254,-0.0005715918833952283,0.8575049235435803,NEUTRAL,142,131
2025-11-20,46.55216911937343,0.5070422535211268,0.3732394366197183,-0.0010683760683760646,0.6574029774955552,NEUTRAL,142,131
2025-11-21,45.26248121523965,0.45774647887323944,0.3591549295774648,-0.0062472773355510824,0.7644500761762845,NEUTRAL,142,131
2025-11-24,44.356147927427834,0.36879432624113473,0.3404255319148936,0.005420054200542035,0.5613264465674332,NEUTRAL,141,131
2025-11-25,38.75479817832659,0.25,0.2857142857142857,-0.024132886591541558,0.8724434896447867,DEFENSIVE,140,131
2025-11-26,45.36634194876934,0.46099290780141844,0.3617021276595745,-0.018913239267487336,0.7542839708142627,NEUTRAL,141,131
2025-11-27,44.951850631286014,0.41843971631205673,0.3971631205673759,-0.018867924528301994,0.6935680867582414,NEUTRAL,141,131
2025-11-28,43.34931925906532,0.3617021276595745,0.3333333333333333,-0.01908396946564883,0.7383922693056273,NEUTRAL,141,131
2025-12-01,44.49052841752982,0.3049645390070922,0.3546099290780142,-0.0018176310209025992,0.6246868046755808,NEUTRAL,141,131
2025-12-02,46.12404832043821,0.38571428571428573,0.35,-0.02066124522422147,0.9414178460720736,NEUTRAL,140,131
2025-12-03,52.54348440873691,0.5144927536231884,0.43478260869565216,-0.0011827255222577882,0.8476903093451589,NEUTRAL,138,131
2025-12-04,58.08593915736124,0.6861313868613139,0.45985401459854014,0.006029684601113194,0.9984338276484492,NEUTRAL,137,131
2025-12-05,53.44713905555153,0.4782608695652174,0.391304347826087,0.018439871320168222,0.8226285167344594,NEUTRAL,138,131
2025-12-08,49.413150808601245,0.31654676258992803,0.34532374100719426,0.013490725126475533,0.8446553307912466,NEUTRAL,139,131
2025-12-09,48.57368725202539,0.31654676258992803,0.3237410071942446,0.002009242515571552,1.1608856758541193,NEUTRAL,139,131
2025-12-10,41.66377110764519,0.30935251798561153,0.30935251798561153,-0.01490267639902687,0.6286624810155967,NEUTRAL,139,131
2025-12-11,38.912926070642705,0.2785714285714286,0.3142857142857143,-0.022023419289044277,0.6244786914855986,DEFENSIVE,140,131
2025-12-12,28.4991062345975,0.12949640287769784,0.1510791366906475,-0.059859154929577496,1.155979146329635,DEFENSIVE,139,131
2025-12-15,26.040005652367007,0.12949640287769784,0.16546762589928057,-0.06643952299829647,0.7818367993638992,DEFENSIVE,139,131
2025-12-16,35.663753259247315,0.28776978417266186,0.2517985611510791,-0.050397877984085016,1.0426040551041842,DEFENSIVE,139,131
2025-12-17,33.124837994038415,0.2463768115942029,0.2536231884057971,-0.045069337442218804,0.6387689868045843,DEFENSIVE,138,131
2025-12-18,34.86767931871205,0.2740740740740741,0.2740740740740741,-0.038221410080706675,0.6151226260760725,DEFENSIVE,135,131
2025-12-19,41.18291340844814,0.34074074074074073,0.3333333333333333,-0.0254396448693871,0.8167044708247896,NEUTRAL,135,131
2025-12-22,51.15313570106694,0.49264705882352944,0.4117647058823529,-0.005663425027225555,0.9691422077257292,NEUTRAL,136,131
2025-12-23,49.81837831559609,0.4074074074074074,0.37777777777777777,-0.007352941176470562,0.9780986982290807,NEUTRAL,135,131
2025-12-24,48.67989312934561,0.42962962962962964,0.4222222222222222,-0.025910030201875656,0.8877057278630732,NEUTRAL,135,131
2025-12-25,44.414239520280894,0.375,0.3602941176470588,-0.024630267449323895,0.897088500915742,NEUTRAL,136,131
2025-12-26,43.06558477951293,0.3188405797101449,0.34057971014492755,-0.027485933694797293,1.1466743717120191,NEUTRAL,138,131
2025-12-29,43.28977224806179,0.35766423357664234,0.35036496350364965,-0.025559105431309903,0.6970704950669213,NEUTRAL,137,131
2025-12-30,45.78185741243669,0.38848920863309355,0.381294964028777,-0.02155172413793105,0.7698672110770194,NEUTRAL,139,131
2025-12-31,46.594023440353574,0.45985401459854014,0.3795620437956204,-0.035659509202453976,0.8141529258571232,NEUTRAL,137,131
2026-01-05,44.03601510999699,0.36496350364963503,0.32116788321167883,-0.046692607003890996,1.1049461592290897,NEUTRAL,137,131
2026-01-06,48.91667178876695,0.42028985507246375,0.34782608695652173,-0.02927350427350428,1.0769061395376407,NEUTRAL,138,131
2026-01-07,60.591597920294845,0.5869565217391305,0.5072463768115942,-0.0046287044663992916,1.2087989704738498,NEUTRAL,138,131
2026-01-08,60.88427347185778,0.5857142857142857,0.4714285714285714,-0.003923414940364134,1.4907839544023487,NEUTRAL,140,131
2026-01-09,60.629788241386656,0.5,0.5,0.003745331785204975,1.4434188088946391,NEUTRAL,142,131
2026-01-12,70.66109313118488,0.6875,0.6458333333333334,0.031225119907363097,1.5804606841651114,RISK_ON,144,131
2026-01-13,76.08837622108314,0.7569444444444444,0.6458333333333334,0.05896015729937054,1.5490365793337757,RISK_ON,144,131
2026-01-14,78.18203120515359,0.7328767123287672,0.636986301369863,0.08306604616186908,1.7272262322029053,RISK_ON,146,131
2026-01-15,72.80211675792555,0.7346938775510204,0.6870748299319728,0.06683608640406602,1.3071709424691131,RISK_ON,147,131
2026-01-16,73.14517034586201,0.7635135135135135,0.6959459459459459,0.06464925373134334,1.2181884727484675,RISK_ON,148,131
2026-01-19,71.2823189176579,0.7432432432432432,0.6959459459459459,0.06207299470981398,0.8935631623540353,RISK_ON,148,131
2026-01-20,69.73414782750226,0.697986577181208,0.6778523489932886,0.0554089709762533,1.105520423307737,RISK_ON,149,131
2026-01-21,62.096445698946034,0.618421052631579,0.618421052631579,0.018598870370323595,1.127226429856296,NEUTRAL,152,131
2026-01-22,66.279978728723,0.7337662337662337,0.6688311688311688,0.035831826401446665,1.03369973010578,RISK_ON,154,131
2026-01-23,60.42511541155177,0.6013071895424836,0.6339869281045751,0.028665028665028736,0.8543362906055161,NEUTRAL,153,131
2026-01-26,50.14364109874217,0.3548387096774194,0.45161290322580644,0.016393442622950838,0.9787757243385024,NEUTRAL,155,131
2026-01-27,50.49325649333941,0.41935483870967744,0.4967741935483871,0.02333931777378795,0.685437636944108,NEUTRAL,155,131
2026-01-28,48.07513083139867,0.4012738853503185,0.4713375796178344,0.019389438943894444,0.778438698700183,NEUTRAL,157,131
2026-01-29,50.56916299344978,0.47770700636942676,0.5222929936305732,0.023297491039426577,0.6216249713842458,NEUTRAL,157,131
2026-01-30,53.85373379446886,0.4810126582278481,0.5316455696202531,0.03605216622457996,0.8075864564529174,NEUTRAL,158,131
2026-02-02,56.06476446008293,0.5157232704402516,0.5471698113207547,0.05660377358490565,0.838118267994714,NEUTRAL,159,131
2026-02-03,59.77461092513222,0.5849056603773585,0.6037735849056604,0.06373815676141259,0.900341048351851,NEUTRAL,159,131
2026-02-04,58.56310846118165,0.6289308176100629,0.6540880503144654,0.05232558139534893,0.8350086285135063,NEUTRAL,159,131
2026-02-05,50.32237167114493,0.45569620253164556,0.5822784810126582,0.030086772296722075,0.7144918721287483,NEUTRAL,158,131
2026-02-06,41.21924293210943,0.25949367088607594,0.4430379746835443,0.00631679389312978,0.9358919738027591,NEUTRAL,158,131
2026-02-09,34.915746244767206,0.24203821656050956,0.4394904458598726,-0.023706045041485546,0.4518081519235606,DEFENSIVE,157,131
2026-02-10,32.82957575903325,0.17834394904458598,0.3885350318471338,-0.03249999999999997,0.621036299015157,DEFENSIVE,157,131
2026-02-11,42.22265951299168,0.36075949367088606,0.5,-0.018991956159466694,0.6162777909253021,NEUTRAL,158,131
2026-02-12,42.60575146267326,0.41025641025641024,0.5192307692307693,-0.025595603720603655,0.3975929020696203,NEUTRAL,156,131
2026-02-13,46.155257252081725,0.46153846153846156,0.5512820512820513,-0.020613766602537054,0.5664756120656151,NEUTRAL,156,131
2026-02-23,55.933018070969716,0.6753246753246753,0.6428571428571429,-0.009646421726753562,0.729647740032396,NEUTRAL,154,131
2026-02-24,59.8897171135666,0.6948051948051948,0.7077922077922078,0.0013020833333333703,0.905687300066529,NEUTRAL,154,131
2026-02-25,64.18431226836923,0.7973856209150327,0.7189542483660131,0.015516537362188831,1.0553970814494953,NEUTRAL,153,131
2026-02-26,62.41394070835321,0.7828947368421053,0.6973684210526315,0.008270275603580068,0.8022373414550119,NEUTRAL,152,131
2026-02-27,61.28794236781524,0.673202614379085,0.6601307189542484,0.014895577395577453,0.979087393516345,NEUTRAL,153,131
2026-03-02,55.710855969389684,0.45098039215686275,0.49673202614379086,0.015228426395939021,1.6265973227637365,NEUTRAL,153,131
2026-03-03,51.14943874553309,0.42948717948717946,0.4935897435897436,0.013229779266814456,1.2301391929111651,NEUTRAL,156,131
2026-03-04,51.40811396053961,0.4267515923566879,0.4713375796178344,0.004975124378109319,1.521475262672112,NEUTRAL,157,131
2026-03-05,46.36129115621667,0.39490445859872614,0.49044585987261147,-0.0061864781263809565,0.966746636432252,NEUTRAL,157,131
2026-03-06,36.983476645503764,0.30128205128205127,0.40384615384615385,-0.03559856710528747,0.867331997471722,DEFENSIVE,156,131
2026-03-09,17.103902063456015,0.0949367088607595,0.2088607594936709,-0.09983460706158775,1.0619099977622446,DEFENSIVE,158,131
2026-03-10,20.996559864801345,0.11875,0.2375,-0.09337499479957312,1.1954135315884153,DEFENSIVE,160,131
2026-03-11,29.142055516183706,0.2125,0.3625,-0.06691461260649506,0.8461416165648381,DEFENSIVE,160,131
2026-03-12,26.644412681921004,0.189873417721519,0.31645569620253167,-0.06540530926230609,0.7181626174387483,DEFENSIVE,158,131
2026-03-13,29.64865458508177,0.2088607594936709,0.33544303797468356,-0.04359442341117531,0.7850927122255624,DEFENSIVE,158,131
2026-03-16,27.215763074845263,0.1962025316455696,0.27848101265822783,-0.04702109154163958,0.6122970105058869,DEFENSIVE,158,131
2026-03-17,29.02357270830999,0.16981132075471697,0.27672955974842767,-0.035452013167890595,0.601292729521434,DEFENSIVE,159,131
2026-03-18,28.78868888939741,0.19375,0.29375,-0.04600183264743368,0.5910031352678915,DEFENSIVE,160,131
2026-03-19,26.73236066024811,0.18012422360248448,0.2608695652173913,-0.0561797752808989,0.6984214779556507,DEFENSIVE,161,131
2026-03-20,19.262478818480783,0.14906832298136646,0.20496894409937888,-0.08337009263343631,0.6560206489855877,DEFENSIVE,161,131
2026-03-23,10.481672378936839,0.09316770186335403,0.12422360248447205,-0.12195121951219512,0.8287495341228251,DEFENSIVE,161,131
2026-03-24,13.788839628472429,0.13664596273291926,0.17391304347826086,-0.10899088877428231,0.4936068326588451,DEFENSIVE,161,131
2026-03-25,23.56928467060626,0.3,0.23125,-0.09370475807728468,0.6813432632784606,DEFENSIVE,160,131
2026-03-26,23.34811292281556,0.34591194968553457,0.22012578616352202,-0.0936619718309859,0.5450199163355247,DEFENSIVE,159,131
2026-03-27,31.379513289372415,0.4620253164556962,0.25316455696202533,-0.07308265928573343,0.684061218328939,DEFENSIVE,158,131
2026-03-30,32.8488558278645,0.49032258064516127,0.2645161290322581,-0.06453804347826075,0.6625935819125968,DEFENSIVE,155,131
2026-03-31,37.72860285443917,0.535483870967742,0.2903225806451613,-0.04761904761904767,0.7686548465145495,DEFENSIVE,155,131
2026-04-01,44.28163735200019,0.6797385620915033,0.33986928104575165,-0.04385964912280704,0.8759302117412744,NEUTRAL,153,131
2026-04-02,41.05454426992654,0.5855263157894737,0.2894736842105263,-0.04098038806157189,0.7282582406514301,NEUTRAL,152,131
2026-04-03,37.23969426778983,0.46308724832214765,0.2214765100671141,-0.04113962912931357,0.7416716340123234,DEFENSIVE,149,131
2026-04-06,40.1710654654259,0.3055555555555556,0.16666666666666666,0.024609829955741902,0.6391336196340744,NEUTRAL,144,131
2026-04-07,39.532550643127486,0.36363636363636365,0.20279720279720279,0.006250000000000089,0.5631114402943121,DEFENSIVE,143,131
2026-04-08,60.687280557959156,0.7517241379310344,0.47586206896551725,0.01553398058252431,1.2739538579657783,NEUTRAL,145,131
2026-04-09,56.723099306967036,0.7172413793103448,0.4482758620689655,0.017677782241864115,0.8797041695620138,NEUTRAL,145,131
2026-04-10,59.159114541174795,0.7746478873239436,0.4507042253521127,0.020767402243795252,0.90888420964294,NEUTRAL,142,131
2026-04-13,59.40679229877002,0.7816901408450704,0.4507042253521127,0.020082076436144902,0.8585330952931669,NEUTRAL,142,131
2026-04-14,61.62582680988361,0.8085106382978723,0.49645390070921985,0.021739130434782483,0.8422796783690105,NEUTRAL,141,131
2026-04-15,62.101081931600895,0.7535211267605634,0.49295774647887325,0.02264839323423018,0.8865419302819603,NEUTRAL,142,131
2026-04-16,62.41757530397552,0.7342657342657343,0.45454545454545453,0.028517110266159662,0.8238242680812203,NEUTRAL,143,131
2026-04-17,63.526219120069314,0.7569444444444444,0.4722222222222222,0.038551980198019864,0.7543726747690979,NEUTRAL,144,131
2026-04-20,69.48596398613729,0.7304964539007093,0.5035460992907801,0.08609271523178808,0.6809995796955719,RISK_ON,141,131
2026-04-21,59.36208021560731,0.5034965034965035,0.42657342657342656,0.04701397712833555,0.8576276614833153,NEUTRAL,143,131
2026-04-22,56.0013950150097,0.46153846153846156,0.42657342657342656,0.0246338215712385,0.696383793978613,NEUTRAL,143,131
2026-04-23,56.476079334989585,0.4154929577464789,0.3873239436619718,0.025057594378603998,1.0249444229453852,NEUTRAL,142,131
2026-04-24,50.179733892766585,0.3900709219858156,0.40425531914893614,0.0011839924224485987,0.6587642961356844,NEUTRAL,141,131
2026-04-28,49.18989046575034,0.32857142857142857,0.37142857142857144,0.0,0.665909271984549,NEUTRAL,140,131
2026-04-29,49.10644658579452,0.36428571428571427,0.37857142857142856,0.0,0.8040200877025999,NEUTRAL,140,131
2026-05-04,48.967581456168396,0.42142857142857143,0.4142857142857143,-0.01011630416071646,0.7420067217938155,NEUTRAL,140,131
2026-05-05,49.29241712991013,0.36428571428571427,0.39285714285714285,-0.0050372901870739395,0.8127972918715398,NEUTRAL,140,131
2026-05-06,56.20608429568393,0.4676258992805755,0.4748201438848921,0.016000000000000014,0.9268151503004926,NEUTRAL,139,131
2026-05-07,56.556180474696404,0.39285714285714285,0.44285714285714284,0.02707978292662294,1.0130799621739546,NEUTRAL,140,131
2026-05-08,54.62703411904724,0.34532374100719426,0.45323741007194246,0.02449965493443762,0.8640442491560782,NEUTRAL,139,131
2026-05-11,50.194429710971995,0.39416058394160586,0.45985401459854014,-0.018248175182481785,1.0588116996318735,NEUTRAL,137,131
2026-05-12,49.00746429399885,0.38405797101449274,0.4927536231884058,-0.019516553000024528,0.788945985533478,NEUTRAL,138,131
2026-05-13,51.29550246060969,0.41007194244604317,0.5179856115107914,-0.014857881136950968,1.036187762988635,NEUTRAL,139,131
2026-05-14,51.751851237601294,0.45985401459854014,0.5036496350364964,-0.014440433212996373,0.7267909082815197,NEUTRAL,137,131
2026-05-15,50.79237140164628,0.4740740740740741,0.4962962962962963,-0.02424004192872109,0.8365664262469409,NEUTRAL,135,131
2026-05-18,55.72510267704288,0.5488721804511278,0.556390977443609,-0.01098901098901095,1.0090110584829957,NEUTRAL,133,131
2026-05-19,51.91214272203786,0.48872180451127817,0.48120300751879697,-0.018181818181818188,1.0894205327057254,NEUTRAL,133,131
2026-05-20,48.04585648651676,0.3880597014925373,0.43283582089552236,-0.032512809956070754,1.2497945700713444,NEUTRAL,134,131
2026-05-21,41.96521433858087,0.3208955223880597,0.4253731343283582,-0.0380756805896007,0.6782775958814284,NEUTRAL,134,131
2026-05-22,42.321960180136436,0.3383458646616541,0.40601503759398494,-0.026978417266187105,0.7185196873689214,NEUTRAL,133,131
2026-05-25,42.18461665062859,0.3007518796992481,0.40601503759398494,-0.018575851393188736,0.5673997055727485,NEUTRAL,133,131
2026-05-26,46.416936732696286,0.3656716417910448,0.5074626865671642,-0.007496503496503493,0.6247238507009302,NEUTRAL,134,131
2026-05-27,48.61018865232945,0.42962962962962964,0.4962962962962963,0.0027624309392264568,0.7233881962527317,NEUTRAL,135,131
2026-05-28,43.4419696406604,0.3088235294117647,0.41911764705882354,-0.003643180649335609,0.6862833234998902,NEUTRAL,136,131
2026-05-29,40.66453991937616,0.2518518518518518,0.3925925925925926,-0.010230179028132946,0.6153064146643668,NEUTRAL,135,131
2026-06-01,38.94252350614085,0.26666666666666666,0.4148148148148148,-0.01770992366412205,0.5375919730676214,DEFENSIVE,135,131
2026-06-02,34.78650178494733,0.1791044776119403,0.3358208955223881,-0.02804641187745277,0.7329097628895992,DEFENSIVE,134,131
2026-06-03,33.826747853315254,0.22388059701492538,0.3582089552238806,-0.03654870539820515,0.5722634329583791,DEFENSIVE,134,131
2026-06-04,35.986331124039204,0.23134328358208955,0.3880597014925373,-0.030126687842627398,0.593026702517977,DEFENSIVE,134,131
2026-06-05,35.098697484474634,0.23134328358208955,0.34328358208955223,-0.033391784248158196,0.5451245171655773,DEFENSIVE,134,131
2026-06-08,30.62697347867809,0.12781954887218044,0.2706766917293233,-0.03597122302158273,0.845403072741064,DEFENSIVE,133,131
2026-06-09,29.259104367036826,0.16541353383458646,0.2857142857142857,-0.04368546465448775,0.5139255442249532,DEFENSIVE,133,131
2026-06-10,31.175083614097776,0.20610687022900764,0.29770992366412213,-0.04473244147157196,0.5902800730157873,DEFENSIVE,131,131
2026-06-11,31.19765000897594,0.25190839694656486,0.2824427480916031,-0.04528301886792452,0.4979390535846068,DEFENSIVE,131,131
2026-06-12,31.32639837448024,0.25384615384615383,0.27692307692307694,-0.04821588366890389,0.647657811539514,DEFENSIVE,130,131
2026-06-15,38.7715801500653,0.4108527131782946,0.3178294573643411,-0.03503184713375784,0.9540826242684252,DEFENSIVE,129,131
2026-06-16,45.62269838409079,0.5658914728682171,0.3798449612403101,-0.014441110277569447,0.9063576809912295,NEUTRAL,129,131
2026-06-17,48.179965457665894,0.609375,0.390625,-0.007455893491206511,1.0389068519923321,NEUTRAL,128,131
2026-06-18,46.421145682456284,0.5390625,0.375,-0.014218202237756439,0.905025879128175,NEUTRAL,128,131
2026-06-19,44.78144816220283,0.46511627906976744,0.37209302325581395,-0.014519056261342977,0.9489415221868722,NEUTRAL,129,131
2026-06-22,46.613277659274225,0.4728682170542636,0.3798449612403101,-0.009756097560975618,0.7824985477933604,NEUTRAL,129,131
2026-06-23,44.322666863940384,0.3875968992248062,0.32558139534883723,-0.02857142857142858,1.1650408180008605,NEUTRAL,129,131
2026-06-24,42.84223361309178,0.36153846153846153,0.3384615384615385,-0.03074575801007906,0.9013494329890033,NEUTRAL,130,131
2026-06-25,41.35369074403044,0.3178294573643411,0.3333333333333333,-0.02005730659025773,0.7089060037441385,NEUTRAL,129,131
2026-06-26,42.78261835631047,0.35714285714285715,0.3333333333333333,-0.019764080931177264,0.7454148360517213,NEUTRAL,126,131
2026-06-29,46.810958387436806,0.49612403100775193,0.37209302325581395,-0.0072556551429789895,0.7710457371010934,NEUTRAL,129,131
2026-06-30,49.5336604544258,0.49206349206349204,0.3968253968253968,0.00879245674830309,0.8323440579302281,NEUTRAL,126,131
2026-07-01,52.125669291434924,0.5714285714285714,0.4603174603174603,0.00732563220274185,0.8202377315655957,NEUTRAL,126,131
2026-07-02,50.535054380923484,0.5555555555555556,0.4365079365079365,0.0,0.8363072311259294,NEUTRAL,126,131
2026-07-03,49.75386824384689,0.4921875,0.4296875,0.0024304039365383723,0.9521365999978258,NEUTRAL,128,131
2026-07-06,47.1141823859661,0.34615384615384615,0.38461538461538464,0.004217440152104346,1.3182471726112337,NEUTRAL,130,131
2026-07-07,45.9181420521802,0.4153846153846154,0.3923076923076923,0.0006560818790185552,0.8292841883077522,NEUTRAL,130,131
2026-07-08,46.86155018997198,0.43846153846153846,0.3923076923076923,0.0,0.8988600745926831,NEUTRAL,130,131
2026-07-09,43.911565265638586,0.40458015267175573,0.3969465648854962,-0.007662835249042099,0.7656219112418349,NEUTRAL,131,131
2026-07-10,39.12423432660252,0.27692307692307694,0.3153846153846154,-0.011431657957887642,0.7971240792046965,DEFENSIVE,130,131
2026-07-13,33.025949196398884,0.14615384615384616,0.24615384615384617,-0.033644507307873606,1.137543922127005,DEFENSIVE,130,131
2026-07-14,34.85565782168904,0.26153846153846155,0.2923076923076923,-0.03389406487232566,0.8375497238311891,DEFENSIVE,130,131
2026-07-15,29.294676378354602,0.1796875,0.265625,-0.04979338842975206,0.7626768394751299,DEFENSIVE,128,131
2026-07-16,35.04566983759109,0.2558139534883721,0.2868217054263566,-0.04263005780346829,1.1164593577014137,DEFENSIVE,129,131
2026-07-17,28.478614907264497,0.18604651162790697,0.24031007751937986,-0.05417814508723595,0.6581891501762103,DEFENSIVE,129,131
2026-07-20,23.10669223987696,0.1297709923664122,0.1984732824427481,-0.08864027538726338,1.1899576118911717,DEFENSIVE,131,131
2026-07-21,21.370862441802185,0.13636363636363635,0.17424242424242425,-0.08624514832946495,0.9156797131742556,DEFENSIVE,132,131
2026-07-22,16.27898262692415,0.06870229007633588,0.1450381679389313,-0.09976247030878871,1.174890242685189,DEFENSIVE,131,131
2026-07-23,19.37109459221933,0.09302325581395349,0.16279069767441862,-0.09293887803516598,1.072407302797577,DEFENSIVE,129,131
2026-07-24,15.538583965722628,0.0703125,0.1484375,-0.10070149662215688,0.6953769436266133,DEFENSIVE,128,131
2026-07-27,13.199710280739714,0.09302325581395349,0.13953488372093023,-0.12280701754385959,0.804282528822254,DEFENSIVE,129,131
2026-07-28,15.481731696843553,0.09302325581395349,0.13953488372093023,-0.11467648605996861,0.861514351140532,DEFENSIVE,129,131
2026-07-29,17.102801261250104,0.11627906976744186,0.14728682170542637,-0.1115827774408732,0.6578202452072468,DEFENSIVE,129,131
2026-07-30,26.507007429452944,0.2076923076923077,0.19230769230769232,-0.08879048752466473,0.9910621050169437,DEFENSIVE,130,131
2026-07-31,26.729000348162785,0.2558139534883721,0.1937984496124031,-0.08750000000000002,0.8528124144002097,DEFENSIVE,129,131
2026-08-03,38.32985043183891,0.4375,0.2734375,-0.05312527266423739,1.0403760842530456,DEFENSIVE,128,131
2026-08-04,39.43610837557524,0.515625,0.2890625,-0.0561292360045888,0.7786228934116483,DEFENSIVE,128,131
2026-08-05,38.382327530191986,0.49612403100775193,0.24806201550387597,-0.06402439024390238,0.9316986691256453,DEFENSIVE,129,131
2026-08-06,33.950574120208934,0.38461538461538464,0.23076923076923078,-0.0666230569997307,0.7026129775957642,DEFENSIVE,130,131
2026-08-07,40.933867041128515,0.5230769230769231,0.27692307692307694,-0.042974667014886336,0.7730107374833989,NEUTRAL,130,131
2026-08-10,50.01074934063148,0.7364341085271318,0.35658914728682173,-0.021442495126705707,0.866267090645207,NEUTRAL,129,131
2026-08-11,49.585050670487476,0.7890625,0.3515625,-0.031943086906692175,0.8594847123223566,NEUTRAL,128,131
2026-08-12,53.0830188103473,0.8307692307692308,0.36153846153846153,-0.015533088235294035,0.7458861078489971,NEUTRAL,130,131
2026-08-13,48.7298809050416,0.6875,0.3359375,-0.023761261261261213,1.0157858352038485,NEUTRAL,128,131
2026-08-14,42.699806632587865,0.5736434108527132,0.26356589147286824,-0.027459954233409634,0.9565146852129564,NEUTRAL,129,131
2026-08-17,45.3296326593455,0.5968992248062015,0.27906976744186046,0.002200220022002153,0.6385779443566545,NEUTRAL,129,131
2026-08-18,44.972586405630395,0.5348837209302325,0.27906976744186046,0.004739336492890933,0.697652496756698,NEUTRAL,129,131
2026-08-19,44.419256855381086,0.4418604651162791,0.2713178294573643,0.020642201834862428,0.6746078569725713,NEUTRAL,129,131
2026-08-20,44.22829468435062,0.4603174603174603,0.30158730158730157,0.010454256958926433,0.6368336094194902,NEUTRAL,126,131
2026-08-21,61.584177684629125,0.8031496062992126,0.4094488188976378,0.04914933837429114,1.125862658700893,NEUTRAL,127,131
2026-08-24,68.65357621625056,0.8188976377952756,0.4881889763779528,0.09153713298791022,1.0298059377182245,RISK_ON,127,131
2026-08-25,63.89502016073104,0.7244094488188977,0.4645669291338583,0.06836616454229438,1.0904331578415705,NEUTRAL,127,131
2026-08-26,67.99143071993551,0.7936507936507936,0.5476190476190477,0.07347001223990202,0.9654229634566861,RISK_ON,126,131
2026-08-27,62.321625802004235,0.76,0.552,0.03592814371257491,0.7691298411567898,NEUTRAL,125,131
2026-08-28,64.53316182835762,0.7380952380952381,0.5555555555555556,0.05206161631477202,0.9293903676930396,NEUTRAL,126,131
2026-09-03,54.54886836729655,0.544,0.48,0.014084507042253502,0.9163742873393773,NEUTRAL,125,131
2026-09-04,53.84530364926439,0.5,0.46774193548387094,0.011906449326718693,0.7809388626508144,NEUTRAL,124,131
2026-09-07,49.43194078623893,0.416,0.424,0.006656804733727872,0.854796157049205,NEUTRAL,125,131
2026-09-08,49.989117169219874,0.4365079365079365,0.4126984126984127,0.013452864623478944,0.6759602104234441,NEUTRAL,126,131
2026-09-09,47.46126538918872,0.373015873015873,0.4126984126984127,0.002252435064934999,0.746558113750674,NEUTRAL,126,131
2026-09-10,46.56399803029081,0.3968253968253968,0.4365079365079365,-0.010837912733079713,0.7065994544756571,NEUTRAL,126,131
2026-09-11,39.69291956269091,0.23015873015873015,0.3412698412698413,-0.030112905112905042,1.1295183797012966,DEFENSIVE,126,131
2026-09-14,36.30839620051692,0.2204724409448819,0.2992125984251969,-0.0437544953248622,1.0142496692758831,DEFENSIVE,127,131
2026-09-15,42.28230822801963,0.30952380952380953,0.3888888888888889,-0.020368138442863337,0.776300398630606,NEUTRAL,126,131
2026-09-16,42.94921184767972,0.30952380952380953,0.38095238095238093,-0.012653237853603061,0.7825124942362944,NEUTRAL,126,131
2026-09-17,49.39981373247253,0.4140625,0.4765625,-0.0037332243340827964,1.042344579033887,NEUTRAL,128,131
2026-09-18,49.128099121549326,0.4365079365079365,0.4603174603174603,0.0,0.9616947975486175,NEUTRAL,126,131
2026-09-21,44.087417893963654,0.336,0.408,-0.0031185031185030354,0.7847800797965523,NEUTRAL,125,131
2026-09-22,47.40452215427969,0.3858267716535433,0.4881889763779528,0.0034818941504177747,0.682987007773653,NEUTRAL,127,131
2026-09-23,44.529122563723604,0.3858267716535433,0.5039370078740157,-0.01680672268907568,0.7260833545062191,NEUTRAL,127,131
2026-09-24,40.45554715824895,0.359375,0.421875,-0.030497540757465802,0.8804748770720032,NEUTRAL,128,131
2026-10-01,37.26062653913403,0.3333333333333333,0.3953488372093023,-0.03768115942028982,0.8010367217347563,DEFENSIVE,129,131
2026-10-02,34.97864544535888,0.2868217054263566,0.3798449612403101,-0.04899135446685887,0.941589614592065,DEFENSIVE,129,131
2026-10-05,33.92821894524453,0.31496062992125984,0.3779527559055118,-0.06027527289985757,0.7073383416181801,DEFENSIVE,127,131
2026-10-06,37.20010025746332,0.3076923076923077,0.3769230769230769,-0.05340882096761429,1.1451183848199862,DEFENSIVE,130,131
2026-10-07,35.83178832523497,0.33587786259541985,0.3969465648854962,-0.04938271604938271,0.6475153771439701,DEFENSIVE,131,131
2026-10-08,37.96046480916403,0.3435114503816794,0.40458015267175573,-0.03904923599320875,0.9101526472184325,DEFENSIVE,131,131
