portfolio_rank,ticker,sector,sector_rank,sector_score,leadership_score,short_momentum_score,long_momentum_score,flow_score,acceleration,portfolio_score,stage,weight
1,BVH,Bảo hiểm,1,96.38888888888889,88.89211886304909,91.86046511627909,83.37209302325581,87.28682170542635,4.233896640826856,91.85254360465117,LEADER,10.0
2,PET,Bán lẻ,2,86.11111111111111,91.99160206718346,94.65116279069768,95.62015503875969,89.03100775193798,30.40760206718346,89.79282461240311,LEADER,10.0
3,PVP,Hàng & Dịch vụ Công nghiệp,3,86.11111111111111,91.2842377260982,91.86046511627909,97.13178294573642,85.11627906976744,15.903571059431528,89.15408914728683,LEADER,10.0
4,DRI,Hóa chất,5,69.72222222222223,88.71770025839794,93.13953488372094,94.68992248062015,94.84496124031008,5.663478036175718,81.8185804263566,LEADER,10.0
5,MSR,Tài nguyên Cơ bản,8,60.0,88.55232558139535,95.73643410852715,98.6046511627907,90.34883720930233,1.0523255813953512,77.74799903100777,LEADER,10.0
6,QNS,Thực phẩm và đồ uống,7,60.83333333333333,86.41472868217055,93.02325581395351,89.88372093023257,96.58914728682171,20.45695090439277,76.85101744186048,LEADER,10.0
7,DCL,Y tế,4,77.77777777777779,77.96834625322998,71.97674418604652,77.01550387596899,52.2093023255814,-11.740320413436677,74.9935804263566,FADING,10.0
8,BSR,Dầu khí,9,58.888888888888886,78.31847545219637,74.06976744186048,90.54263565891473,77.40310077519379,-13.71308010335919,70.37694282945736,FADING,10.0
9,TLG,Hàng cá nhân & Gia dụng,6,61.111111111111114,72.03617571059432,65.93023255813955,84.14728682170544,59.10852713178294,26.104694229112837,66.71393410852714,EMERGING,10.0
10,NT2,"Điện, nước & xăng dầu khí đốt",10,54.16666666666667,74.31201550387597,87.8294573643411,60.23255813953488,85.85271317829458,37.39312661498708,66.13689437984497,EMERGING,10.0
